"http://cs310725.vk.me/v310725826/2d73/-307fo460GU.jpg";"PW10001_1.jpg"
"http://cs310725.vk.me/v310725826/2d7c/G7XxQZ58J64.jpg";"PW10001_2.jpg"
"http://cs310725.vk.me/v310725826/2d85/xMGJP9oj_sI.jpg";"PW10001_3.jpg"
"http://cs310725.vk.me/v310725826/2d8e/qXnZDZrEv-4.jpg";"PW10001_4.jpg"
"http://cs310725.vk.me/v310725826/2d97/fepWvuzr340.jpg";"PW10001_5.jpg"
"http://cs310725.vk.me/v310725826/2da0/Vz2S4WdM_H4.jpg";"PW10001_6.jpg"
"http://cs310725.vk.me/v310725826/2da9/PTTzeIn0-Xc.jpg";"PW10001_7.jpg"
"http://cs310725.vk.me/v310725826/2d73/-307fo460GU.jpg";"PW10001_1.jpg"
"http://cs310725.vk.me/v310725826/2d7c/G7XxQZ58J64.jpg";"PW10001_2.jpg"
"http://cs310725.vk.me/v310725826/2d85/xMGJP9oj_sI.jpg";"PW10001_3.jpg"
"http://cs310725.vk.me/v310725826/2d8e/qXnZDZrEv-4.jpg";"PW10001_4.jpg"
"http://cs310725.vk.me/v310725826/2d97/fepWvuzr340.jpg";"PW10001_5.jpg"
"http://cs310725.vk.me/v310725826/2da0/Vz2S4WdM_H4.jpg";"PW10001_6.jpg"
"http://cs310725.vk.me/v310725826/2da9/PTTzeIn0-Xc.jpg";"PW10001_7.jpg"
"http://cs310725.vk.me/v310725826/2db2/MXy52v31tKI.jpg";"PW10001_8.jpg"
"http://cs310725.vk.me/v310725826/2dbb/GV0hmRFpcXw.jpg";"PW10001_9.jpg"
"http://cs310725.vk.me/v310725826/2d73/-307fo460GU.jpg";"PW10001_1.jpg"
"http://cs310725.vk.me/v310725826/2d7c/G7XxQZ58J64.jpg";"PW10001_2.jpg"
"http://cs310725.vk.me/v310725826/2d85/xMGJP9oj_sI.jpg";"PW10001_3.jpg"
"http://cs310725.vk.me/v310725826/2d8e/qXnZDZrEv-4.jpg";"PW10001_4.jpg"
"http://cs310725.vk.me/v310725826/2d97/fepWvuzr340.jpg";"PW10001_5.jpg"
"http://cs310725.vk.me/v310725826/2da0/Vz2S4WdM_H4.jpg";"PW10001_6.jpg"
"http://cs310725.vk.me/v310725826/2da9/PTTzeIn0-Xc.jpg";"PW10001_7.jpg"
"http://cs310725.vk.me/v310725826/2db2/MXy52v31tKI.jpg";"PW10001_8.jpg"
"http://cs310725.vk.me/v310725826/2dbb/GV0hmRFpcXw.jpg";"PW10001_9.jpg"
"http://cs310725.vk.me/v310725826/2d73/-307fo460GU.jpg";"PW10001_1.jpg"
"http://cs310725.vk.me/v310725826/2d7c/G7XxQZ58J64.jpg";"PW10001_2.jpg"
"http://cs310725.vk.me/v310725826/2d85/xMGJP9oj_sI.jpg";"PW10001_3.jpg"
"http://cs310725.vk.me/v310725826/2d8e/qXnZDZrEv-4.jpg";"PW10001_4.jpg"
"http://cs310725.vk.me/v310725826/2d97/fepWvuzr340.jpg";"PW10001_5.jpg"
"http://cs310725.vk.me/v310725826/2da0/Vz2S4WdM_H4.jpg";"PW10001_6.jpg"
"http://cs310725.vk.me/v310725826/2da9/PTTzeIn0-Xc.jpg";"PW10001_7.jpg"
"http://cs310725.vk.me/v310725826/2db2/MXy52v31tKI.jpg";"PW10001_8.jpg"
"http://cs310725.vk.me/v310725826/2dbb/GV0hmRFpcXw.jpg";"PW10001_9.jpg"
