"photo-13279251_302793804";"http://cs306311.vk.me/v306311826/70de/pv_WmQkdk2A.jpg";"Круглые очки <br/>Цена: 320 грн.<br/>Размеры: ширина 13.5 см., высота 5 см.<br/>Унисекс<br/>ОО10001<br/>Синий";"Круглые очки ";320;;" ширина 13.5 см., высота 5 см.";"Синий";"<h1>Круглые очки </h1><br/>Унисекс<br/>ОО10001<br/>";""
"photo-13279251_302793807";"http://cs306311.vk.me/v306311826/70e6/xLbmX8SwEi4.jpg";"Круглые очки <br/>Цена: 320 грн.<br/>Размеры: ширина 13.5 см., высота 5 см.<br/>Унисекс<br/>ОО10001<br/>Желтый";"Круглые очки ";320;;" ширина 13.5 см., высота 5 см.";"Желтый";"<h1>Круглые очки </h1><br/>Унисекс<br/>ОО10001<br/>";""
"photo-13279251_302793809";"http://cs306311.vk.me/v306311826/70ee/qkl1Yf9kEzs.jpg";"Круглые очки <br/>Цена: 320 грн.<br/>Размеры: ширина 13.5 см., высота 5 см.<br/>Унисекс<br/>ОО10001<br/>Темно-розовый";"Круглые очки ";320;;" ширина 13.5 см., высота 5 см.";"Темно-розовый";"<h1>Круглые очки </h1><br/>Унисекс<br/>ОО10001<br/>";""
"photo-13279251_302793812";"http://cs306311.vk.me/v306311826/70f6/Y28lAnXRfzQ.jpg";"Круглые очки <br/>Цена: 320 грн.<br/>Размеры: ширина 13.5 см., высота 5 см.<br/>Унисекс<br/>ОО10001<br/>Зеленый";"Круглые очки ";320;;" ширина 13.5 см., высота 5 см.";"Зеленый";"<h1>Круглые очки </h1><br/>Унисекс<br/>ОО10001<br/>";""
"photo-13279251_302793815";"http://cs306311.vk.me/v306311826/70fe/S4hISXwbHf0.jpg";"Круглые очки <br/>Цена: 320 грн.<br/>Размеры: ширина 13.5 см., высота 5 см.<br/>Унисекс<br/>ОО10001";"Круглые очки ";320;;" ширина 13.5 см., высота 5 см.";"ОО10001";"<h1>Круглые очки </h1><br/>Унисекс<br/>";""
"photo-13279251_302793817";"http://cs306311.vk.me/v306311826/7107/GIxwZhCo3rM.jpg";"Круглые очки <br/>Цена: 320 грн.<br/>Размеры: ширина 13.5 см., высота 5 см.<br/>Унисекс<br/>ОО10001";"Круглые очки ";320;;" ширина 13.5 см., высота 5 см.";"ОО10001";"<h1>Круглые очки </h1><br/>Унисекс<br/>";""
"photo-13279251_306521935";"http://cs320118.vk.me/v320118826/3bf1/Z0YxfjICgLk.jpg";"Круглые прозрачные очки <br/>Цена: 195 грн.<br/>Размеры: ширина 14.3 см., высота 5,2 см.<br/>Унисекс<br/>ОО10002";"Круглые прозрачные очки ";195;;" ширина 14.3 см., высота 5,2 см.";"ОО10002";"<h1>Круглые прозрачные очки </h1><br/>Унисекс<br/>";""
"photo-13279251_306521936";"http://cs320118.vk.me/v320118826/3bf9/yPJCrM01GTw.jpg";"Круглые прозрачные очки <br/>Цена: 195 грн.<br/>Размеры: ширина 14.3 см., высота 5,2 см.<br/>Унисекс<br/>ОО10002<br/>Красный";"Круглые прозрачные очки ";195;;" ширина 14.3 см., высота 5,2 см.";"Красный";"<h1>Круглые прозрачные очки </h1><br/>Унисекс<br/>ОО10002<br/>";""
"photo-13279251_306521937";"http://cs320118.vk.me/v320118826/3c01/ZrwIA_uVVL0.jpg";"Круглые прозрачные очки <br/>Цена: 195 грн.<br/>Размеры: ширина 14.3 см., высота 5,2 см.<br/>Унисекс<br/>ОО10002<br/>Желтый";"Круглые прозрачные очки ";195;;" ширина 14.3 см., высота 5,2 см.";"Желтый";"<h1>Круглые прозрачные очки </h1><br/>Унисекс<br/>ОО10002<br/>";""
"photo-13279251_306521938";"http://cs320118.vk.me/v320118826/3c09/cK-WQ-uM9J0.jpg";"Круглые прозрачные очки <br/>Цена: 195 грн.<br/>Размеры: ширина 14.3 см., высота 5,2 см.<br/>Унисекс<br/>ОО10002<br/>Фиолетовый";"Круглые прозрачные очки ";195;;" ширина 14.3 см., высота 5,2 см.";"Фиолетовый";"<h1>Круглые прозрачные очки </h1><br/>Унисекс<br/>ОО10002<br/>";""
"photo-13279251_306521939";"http://cs320118.vk.me/v320118826/3c11/3fsTiYkbkMA.jpg";"Круглые прозрачные очки <br/>Цена: 195 грн.<br/>Размеры: ширина 14.3 см., высота 5,2 см.<br/>Унисекс<br/>ОО10002<br/>Синий";"Круглые прозрачные очки ";195;;" ширина 14.3 см., высота 5,2 см.";"Синий";"<h1>Круглые прозрачные очки </h1><br/>Унисекс<br/>ОО10002<br/>";""
"photo-13279251_306521940";"http://cs320118.vk.me/v320118826/3c19/quAEN-E5Y3k.jpg";"Круглые прозрачные очки <br/>Цена: 195 грн.<br/>Размеры: ширина 14.3 см., высота 5,2 см.<br/>Унисекс<br/>ОО10002<br/>Салатовый";"Круглые прозрачные очки ";195;;" ширина 14.3 см., высота 5,2 см.";"Салатовый";"<h1>Круглые прозрачные очки </h1><br/>Унисекс<br/>ОО10002<br/>";""
"photo-13279251_306521941";"http://cs320118.vk.me/v320118826/3c21/_6dCMFE21Sk.jpg";"Круглые прозрачные очки <br/>Цена: 195 грн.<br/>Размеры: ширина 14.3 см., высота 5,2 см.<br/>Унисекс<br/>ОО10002<br/>Фиолетовый";"Круглые прозрачные очки ";195;;" ширина 14.3 см., высота 5,2 см.";"Фиолетовый";"<h1>Круглые прозрачные очки </h1><br/>Унисекс<br/>ОО10002<br/>";""
"photo-13279251_306521942";"http://cs320118.vk.me/v320118826/3c29/jgLUAcNUuE4.jpg";"Круглые прозрачные очки <br/>Цена: 195 грн.<br/>Размеры: ширина 14.3 см., высота 5,2 см.<br/>Унисекс<br/>ОО10002<br/>Желтый";"Круглые прозрачные очки ";195;;" ширина 14.3 см., высота 5,2 см.";"Желтый";"<h1>Круглые прозрачные очки </h1><br/>Унисекс<br/>ОО10002<br/>";""
"photo-13279251_306521943";"http://cs320118.vk.me/v320118826/3c31/cvPoji5PeXQ.jpg";"Круглые прозрачные очки <br/>Цена: 195 грн.<br/>Размеры: ширина 14.3 см., высота 5,2 см.<br/>Унисекс<br/>ОО10002<br/>Синий";"Круглые прозрачные очки ";195;;" ширина 14.3 см., высота 5,2 см.";"Синий";"<h1>Круглые прозрачные очки </h1><br/>Унисекс<br/>ОО10002<br/>";""
"photo-13279251_306521944";"http://cs320118.vk.me/v320118826/3c39/FdBFvArcXQI.jpg";"Круглые прозрачные очки <br/>Цена: 195 грн.<br/>Размеры: ширина 14.3 см., высота 5,2 см.<br/>Унисекс<br/>ОО10002<br/>Салатовый";"Круглые прозрачные очки ";195;;" ширина 14.3 см., высота 5,2 см.";"Салатовый";"<h1>Круглые прозрачные очки </h1><br/>Унисекс<br/>ОО10002<br/>";""
"photo-13279251_306521945";"http://cs320118.vk.me/v320118826/3c41/DymgVtPyM5s.jpg";"Круглые прозрачные очки <br/>Цена: 195 грн.<br/>Размеры: ширина 14.3 см., высота 5,2 см.<br/>Унисекс<br/>ОО10002<br/>Красный";"Круглые прозрачные очки ";195;;" ширина 14.3 см., высота 5,2 см.";"Красный";"<h1>Круглые прозрачные очки </h1><br/>Унисекс<br/>ОО10002<br/>";""
"photo-13279251_306521946";"http://cs320118.vk.me/v320118826/3c49/DzezCaEfd8I.jpg";"Круглые прозрачные очки <br/>Цена: 195 грн.<br/>Размеры: ширина 14.3 см., высота 5,2 см.<br/>Унисекс<br/>ОО10002<br/>Красный";"Круглые прозрачные очки ";195;;" ширина 14.3 см., высота 5,2 см.";"Красный";"<h1>Круглые прозрачные очки </h1><br/>Унисекс<br/>ОО10002<br/>";""
"photo-13279251_306521947";"http://cs320118.vk.me/v320118826/3c51/-LTbuvE8bKk.jpg";"Круглые прозрачные очки <br/>Цена: 195 грн.<br/>Размеры: ширина 14.3 см., высота 5,2 см.<br/>Унисекс<br/>ОО10002<br/>Красный";"Круглые прозрачные очки ";195;;" ширина 14.3 см., высота 5,2 см.";"Красный";"<h1>Круглые прозрачные очки </h1><br/>Унисекс<br/>ОО10002<br/>";""
"photo-13279251_308232090";"http://cs320118.vk.me/v320118826/6ba1/1l99OrmN_OY.jpg";"Очки<br/>Цена: 385 грн.<br/>Размеры: ширина 14.2 см., высота 4,5 см.<br/>Унисекс<br/>ОО10003<br/>Синий+Белый";"Очки";385;;" ширина 14.2 см., высота 4,5 см.";"Синий+Белый";"<h1>Очки</h1><br/>Унисекс<br/>ОО10003<br/>";""
"photo-13279251_308232091";"http://cs320118.vk.me/v320118826/6ba9/y0GylBzgIVw.jpg";"Очки<br/>Цена: 385 грн.<br/>Размеры: ширина 14.2 см., высота 4,5 см.<br/>Унисекс<br/>ОО10003<br/>Красный+Белый";"Очки";385;;" ширина 14.2 см., высота 4,5 см.";"Красный+Белый";"<h1>Очки</h1><br/>Унисекс<br/>ОО10003<br/>";""
"photo-13279251_308232092";"http://cs320118.vk.me/v320118826/6bb1/dO32GrqzyYU.jpg";"Очки<br/>Цена: 385 грн.<br/>Размеры: ширина 14.2 см., высота 4,5 см.<br/>Унисекс<br/>ОО10003<br/>Синий+Черный";"Очки";385;;" ширина 14.2 см., высота 4,5 см.";"Синий+Черный";"<h1>Очки</h1><br/>Унисекс<br/>ОО10003<br/>";""
"photo-13279251_308232094";"http://cs320118.vk.me/v320118826/6bb9/-UxOIqOUpOM.jpg";"Очки<br/>Цена: 385 грн.<br/>Размеры: ширина 14.2 см., высота 4,5 см.<br/>Унисекс<br/>ОО10003<br/>Желтый+Черный";"Очки";385;;" ширина 14.2 см., высота 4,5 см.";"Желтый+Черный";"<h1>Очки</h1><br/>Унисекс<br/>ОО10003<br/>";""
"photo-13279251_308232095";"http://cs320118.vk.me/v320118826/6bc1/C-1jzAPEwpM.jpg";"Очки<br/>Цена: 385 грн.<br/>Размеры: ширина 14.2 см., высота 4,5 см.<br/>Унисекс<br/>ОО10003<br/>";"Очки";385;;" ширина 14.2 см., высота 4,5 см.";"ОО10003";"<h1>Очки</h1><br/>Унисекс<br/>";""
"photo-13279251_308232121";"http://cs320118.vk.me/v320118826/6bc9/t3HLgVsMnAE.jpg";"Очки<br/>Цена: 385 грн.<br/>Woman<br/>ОО10004<br/>Желтый<br/>";"Очки";385;;;"Желтый";"<h1>Очки</h1><br/>Woman<br/>ОО10004<br/>";""
"photo-13279251_308232122";"http://cs320118.vk.me/v320118826/6bd1/LkoU53JY6nE.jpg";"Очки<br/>Цена: 385 грн.<br/>Woman<br/>ОО10004<br/>Желтый<br/>";"Очки";385;;;"Желтый";"<h1>Очки</h1><br/>Woman<br/>ОО10004<br/>";""
"photo-13279251_308232123";"http://cs320118.vk.me/v320118826/6bd9/8NqLiyU1vLM.jpg";"Очки<br/>Цена: 385 грн.<br/>Woman<br/>ОО10004<br/>Синий<br/>";"Очки";385;;;"Синий";"<h1>Очки</h1><br/>Woman<br/>ОО10004<br/>";""
"photo-13279251_308232124";"http://cs320118.vk.me/v320118826/6be1/Y9w_bztxf18.jpg";"Очки<br/>Цена: 385 грн.<br/>Woman<br/>ОО10004<br/>Синий<br/>";"Очки";385;;;"Синий";"<h1>Очки</h1><br/>Woman<br/>ОО10004<br/>";""
"photo-13279251_308232125";"http://cs320118.vk.me/v320118826/6be9/XXXv0fzUG7Y.jpg";"Очки<br/>Цена: 385 грн.<br/>Woman<br/>ОО10004<br/>Синий<br/>";"Очки";385;;;"Синий";"<h1>Очки</h1><br/>Woman<br/>ОО10004<br/>";""
"photo-13279251_308232126";"http://cs320118.vk.me/v320118826/6bf1/j5e9RIot5gk.jpg";"Очки<br/>Цена: 385 грн.<br/>Woman<br/>ОО10004<br/>Синий<br/>";"Очки";385;;;"Синий";"<h1>Очки</h1><br/>Woman<br/>ОО10004<br/>";""
"photo-13279251_308232127";"http://cs320118.vk.me/v320118826/6bf9/vR342AkavJQ.jpg";"Очки<br/>Цена: 385 грн.<br/>Woman<br/>ОО10004<br/>Коричневый";"Очки";385;;;"Коричневый";"<h1>Очки</h1><br/>Woman<br/>ОО10004<br/>";""
"photo-13279251_308232129";"http://cs320118.vk.me/v320118826/6c01/9DK_jiIS4sI.jpg";"Очки<br/>Цена: 385 грн.<br/>Woman<br/>ОО10004<br/>Темно-коричневый";"Очки";385;;;"Темно-коричневый";"<h1>Очки</h1><br/>Woman<br/>ОО10004<br/>";""
"photo-13279251_308232132";"http://cs320118.vk.me/v320118826/6c09/ois7NALmnR0.jpg";"Очки<br/>Цена: 385 грн.<br/>Woman<br/>ОО10004<br/>";"Очки";385;;;"ОО10004";"<h1>Очки</h1><br/>Woman<br/>";""
"photo-13279251_308232134";"http://cs320118.vk.me/v320118826/6c11/F6wWMCtsjk8.jpg";"Цена: 190 грн.<br/>Стекло.<br/>ОО10016";"Цена: 190 грн.";;;;"ОО10016";"<h1>Цена: 190 грн.</h1><br/>Стекло.<br/>";"Missing name;Missing price;"
"photo-13279251_308232135";"http://cs320118.vk.me/v320118826/6c19/OtbbHDeKJNE.jpg";"Очки<br/>Цена: 385 грн.<br/>Woman<br/>ОО10004<br/>Желтый<br/>";"Очки";385;;;"Желтый";"<h1>Очки</h1><br/>Woman<br/>ОО10004<br/>";""
"photo-13279251_308232136";"http://cs320118.vk.me/v320118826/6c21/f3FQ4LYXmwM.jpg";"Очки<br/>Цена: 385 грн.<br/>Woman<br/>ОО10004<br/>Коричневый";"Очки";385;;;"Коричневый";"<h1>Очки</h1><br/>Woman<br/>ОО10004<br/>";""
"photo-13279251_308232137";"http://cs320118.vk.me/v320118826/6c29/3P3IZrDK3Z8.jpg";"Очки<br/>Цена: 385 грн.<br/>Woman<br/>ОО10004<br/>";"Очки";385;;;"ОО10004";"<h1>Очки</h1><br/>Woman<br/>";""
"photo-13279251_308232153";"http://cs320118.vk.me/v320118826/6c31/XhkTBPvxL5I.jpg";"Очки<br/>Цена: 390 грн.<br/>Woman<br/>ОО10005<br/>";"Очки";390;;;"ОО10005";"<h1>Очки</h1><br/>Woman<br/>";""
"photo-13279251_308232154";"http://cs320118.vk.me/v320118826/6c39/6S1VrRQniP4.jpg";"Очки<br/>Цена: 390 грн.<br/>Woman<br/>ОО10005<br/>Черный";"Очки";390;;;"Черный";"<h1>Очки</h1><br/>Woman<br/>ОО10005<br/>";""
"photo-13279251_308232156";"http://cs320118.vk.me/v320118826/6c41/rAbQ-a-Xv5U.jpg";"Очки<br/>Цена: 390 грн.<br/>Woman<br/>ОО10005<br/>Черный";"Очки";390;;;"Черный";"<h1>Очки</h1><br/>Woman<br/>ОО10005<br/>";""
"photo-13279251_308232157";"http://cs320118.vk.me/v320118826/6c49/uyPRrRcyOq8.jpg";"Очки<br/>Цена: 390 грн.<br/>Woman<br/>ОО10005<br/>Желтый";"Очки";390;;;"Желтый";"<h1>Очки</h1><br/>Woman<br/>ОО10005<br/>";""
"photo-13279251_308232158";"http://cs320118.vk.me/v320118826/6c51/lTL6RYlpkyA.jpg";"Очки<br/>Цена: 390 грн.<br/>Woman<br/>ОО10005<br/>Серебряный";"Очки";390;;;"Серебряный";"<h1>Очки</h1><br/>Woman<br/>ОО10005<br/>";""
"photo-13279251_308232181";"http://cs320118.vk.me/v320118826/6c59/3QOQZT2K7Dc.jpg";"Очки<br/>Цена: 370 грн.<br/>Woman<br/>ОО10006<br/>Черный";"Очки";370;;;"Черный";"<h1>Очки</h1><br/>Woman<br/>ОО10006<br/>";""
"photo-13279251_308232182";"http://cs320118.vk.me/v320118826/6c61/olDms1YcGyI.jpg";"Очки<br/>Цена: 370 грн.<br/>Woman<br/>ОО10006<br/>Белый";"Очки";370;;;"Белый";"<h1>Очки</h1><br/>Woman<br/>ОО10006<br/>";""
"photo-13279251_308232183";"http://cs320118.vk.me/v320118826/6c69/pyR_YuJhkV8.jpg";"Очки<br/>Цена: 370 грн.<br/>Woman<br/>ОО10006<br/>Синий";"Очки";370;;;"Синий";"<h1>Очки</h1><br/>Woman<br/>ОО10006<br/>";""
"photo-13279251_308232184";"http://cs320118.vk.me/v320118826/6c71/hK9w6wxK6zY.jpg";"Очки<br/>Цена: 370 грн.<br/>Woman<br/>ОО10006<br/>Синий";"Очки";370;;;"Синий";"<h1>Очки</h1><br/>Woman<br/>ОО10006<br/>";""
"photo-13279251_308232185";"http://cs320118.vk.me/v320118826/6c79/-rFFkbIFGh8.jpg";"Очки<br/>Цена: 370 грн.<br/>Woman<br/>ОО10006<br/>Белый";"Очки";370;;;"Белый";"<h1>Очки</h1><br/>Woman<br/>ОО10006<br/>";""
"photo-13279251_308232187";"http://cs320118.vk.me/v320118826/6c81/KbsWgw7LMls.jpg";"Очки<br/>Цена: 370 грн.<br/>Woman<br/>ОО10006<br/>Белый";"Очки";370;;;"Белый";"<h1>Очки</h1><br/>Woman<br/>ОО10006<br/>";""
"photo-13279251_308232188";"http://cs320118.vk.me/v320118826/6c89/Z7H2VoDTUdE.jpg";"Очки<br/>Цена: 370 грн.<br/>Woman<br/>ОО10006<br/>";"Очки";370;;;"ОО10006";"<h1>Очки</h1><br/>Woman<br/>";""
"photo-13279251_308232190";"http://cs320118.vk.me/v320118826/6c91/qcm1KjcmRRw.jpg";"Очки<br/>Цена: 370 грн.<br/>Woman<br/>ОО10006<br/>";"Очки";370;;;"ОО10006";"<h1>Очки</h1><br/>Woman<br/>";""
"photo-13279251_308232191";"http://cs320118.vk.me/v320118826/6c99/2S5h2VR1VZI.jpg";"Очки<br/>Цена: 370 грн.<br/>Woman<br/>ОО10006<br/>";"Очки";370;;;"ОО10006";"<h1>Очки</h1><br/>Woman<br/>";""
"photo-13279251_325102289";"http://cs540103.vk.me/c540101/v540101826/116fb/Hmtwy1OdIgM.jpg";"Очки<br/>Цена: 255 грн.<br/>Размеры: высота 4.9 см., ширина 14.2 см. <br/>Woman<br/>ОО10007<br/>Черный";"Очки";255;;" высота 4.9 см., ширина 14.2 см. ";"Черный";"<h1>Очки</h1><br/>Woman<br/>ОО10007<br/>";""
"photo-13279251_325102294";"http://cs540103.vk.me/c540101/v540101826/11703/DXFq6CAu9Ac.jpg";"Очки<br/>Цена: 255 грн.<br/>Размеры: высота 4.9 см., ширина 14.2 см. <br/>Woman<br/>ОО10007<br/>Черный";"Очки";255;;" высота 4.9 см., ширина 14.2 см. ";"Черный";"<h1>Очки</h1><br/>Woman<br/>ОО10007<br/>";""
"photo-13279251_325102295";"http://cs540103.vk.me/c540101/v540101826/1170b/gNVv0ryk-Vs.jpg";"Очки<br/>Цена: 255 грн.<br/>Размеры: высота 4.9 см., ширина 14.2 см. <br/>Woman<br/>ОО10007<br/>Черный";"Очки";255;;" высота 4.9 см., ширина 14.2 см. ";"Черный";"<h1>Очки</h1><br/>Woman<br/>ОО10007<br/>";""
"photo-13279251_325102301";"http://cs540103.vk.me/c540101/v540101826/11713/EGPyQnfJ5Gs.jpg";"Очки<br/>Цена: 255 грн.<br/>Размеры: высота 4.9 см., ширина 14.2 см. <br/>Woman<br/>ОО10007<br/>";"Очки";255;;" высота 4.9 см., ширина 14.2 см. ";"ОО10007";"<h1>Очки</h1><br/>Woman<br/>";""
"photo-13279251_325102310";"http://cs540103.vk.me/c540101/v540101826/1171b/GMyvhu6VgNo.jpg";"Очки<br/>Цена: 255 грн.<br/>Размеры: высота 4.9 см., ширина 14.2 см. <br/>Woman<br/>ОО10007<br/>Леопардовый";"Очки";255;;" высота 4.9 см., ширина 14.2 см. ";"Леопардовый";"<h1>Очки</h1><br/>Woman<br/>ОО10007<br/>";""
"photo-13279251_325102318";"http://cs540103.vk.me/c540101/v540101826/11723/tw4pZykRaUE.jpg";"Очки<br/>Цена: 255 грн.<br/>Размеры: высота 4.9 см., ширина 14.2 см. <br/>Woman<br/>ОО10007<br/>Черный+Красный";"Очки";255;;" высота 4.9 см., ширина 14.2 см. ";"Черный+Красный";"<h1>Очки</h1><br/>Woman<br/>ОО10007<br/>";""
"photo-13279251_325102610";"http://cs540103.vk.me/c540101/v540101826/1172b/KeK55gLy51M.jpg";"Очки<br/>Цена: 255 грн.<br/>Размеры: высота 4.9 см., ширина 14.2 см. <br/>Woman<br/>ОО10007<br/>Черный";"Очки";255;;" высота 4.9 см., ширина 14.2 см. ";"Черный";"<h1>Очки</h1><br/>Woman<br/>ОО10007<br/>";""
"photo-13279251_325104199";"http://cs540103.vk.me/c540101/v540101826/11733/D-uELLVLy5U.jpg";"Очки<br/>Цена: 270 грн.<br/>Размеры: высота 4.4 см., ширина 13.7 см. <br/>Woman<br/>ОО10008<br/>Черный";"Очки";270;;" высота 4.4 см., ширина 13.7 см. ";"Черный";"<h1>Очки</h1><br/>Woman<br/>ОО10008<br/>";""
"photo-13279251_325104201";"http://cs540103.vk.me/c540101/v540101826/1173b/nygNzGi1hJg.jpg";"Очки<br/>Цена: 270 грн.<br/>Размеры: высота 4.4 см., ширина 13.7 см. <br/>Woman<br/>ОО10008<br/>Черный";"Очки";270;;" высота 4.4 см., ширина 13.7 см. ";"Черный";"<h1>Очки</h1><br/>Woman<br/>ОО10008<br/>";""
"photo-13279251_325104202";"http://cs540103.vk.me/c540101/v540101826/11743/2PtjEWRERSQ.jpg";"Очки<br/>Цена: 270 грн.<br/>Размеры: высота 4.4 см., ширина 13.7 см. <br/>Woman<br/>ОО10008<br/>Черный";"Очки";270;;" высота 4.4 см., ширина 13.7 см. ";"Черный";"<h1>Очки</h1><br/>Woman<br/>ОО10008<br/>";""
"photo-13279251_325104208";"http://cs540103.vk.me/c540101/v540101826/1174b/8zinH02FHkA.jpg";"Очки<br/>Цена: 270 грн.<br/>Размеры: высота 4.4 см., ширина 13.7 см. <br/>Woman<br/>ОО10008<br/>";"Очки";270;;" высота 4.4 см., ширина 13.7 см. ";"ОО10008";"<h1>Очки</h1><br/>Woman<br/>";""
"photo-13279251_325104210";"http://cs540103.vk.me/c540101/v540101826/11753/BafFIJl-mZ4.jpg";"Очки<br/>Цена: 270 грн.<br/>Размеры: высота 4.4 см., ширина 13.7 см. <br/>Woman<br/>ОО10008<br/>Черный";"Очки";270;;" высота 4.4 см., ширина 13.7 см. ";"Черный";"<h1>Очки</h1><br/>Woman<br/>ОО10008<br/>";""
"photo-13279251_325104212";"http://cs540103.vk.me/c540101/v540101826/1175b/rX8uXOeVIZ0.jpg";"Очки<br/>Цена: 270 грн.<br/>Размеры: высота 4.4 см., ширина 13.7 см. <br/>Woman<br/>ОО10008<br/>Темно-коричневый";"Очки";270;;" высота 4.4 см., ширина 13.7 см. ";"Темно-коричневый";"<h1>Очки</h1><br/>Woman<br/>ОО10008<br/>";""
"photo-13279251_325104217";"http://cs540103.vk.me/c540101/v540101826/11763/RaGaVEPhVnI.jpg";"Очки<br/>Цена: 270 грн.<br/>Размеры: высота 4.4 см., ширина 13.7 см. <br/>Woman<br/>ОО10008<br/>Леопардовый";"Очки";270;;" высота 4.4 см., ширина 13.7 см. ";"Леопардовый";"<h1>Очки</h1><br/>Woman<br/>ОО10008<br/>";""
"photo-13279251_325104615";"http://cs540103.vk.me/c540101/v540101826/1176b/8_lMVawpg6o.jpg";"Очки<br/>Цена: 280 грн.<br/>Размеры: высота 6.3 см., ширина 15.3 см. <br/>Woman<br/>ОО10009<br/>Черный";"Очки";280;;" высота 6.3 см., ширина 15.3 см. ";"Черный";"<h1>Очки</h1><br/>Woman<br/>ОО10009<br/>";""
"photo-13279251_325104616";"http://cs540103.vk.me/c540101/v540101826/11773/uACbMHLMC5Y.jpg";"Очки<br/>Цена: 280 грн.<br/>Размеры: высота 6.3 см., ширина 15.3 см. <br/>Woman<br/>ОО10009<br/>Черный";"Очки";280;;" высота 6.3 см., ширина 15.3 см. ";"Черный";"<h1>Очки</h1><br/>Woman<br/>ОО10009<br/>";""
"photo-13279251_325104618";"http://cs540103.vk.me/c540101/v540101826/1177b/WNfx2F2Bu-k.jpg";"Очки<br/>Цена: 280 грн.<br/>Размеры: высота 6.3 см., ширина 15.3 см. <br/>Woman<br/>ОО10009<br/>Черный";"Очки";280;;" высота 6.3 см., ширина 15.3 см. ";"Черный";"<h1>Очки</h1><br/>Woman<br/>ОО10009<br/>";""
"photo-13279251_325104619";"http://cs540103.vk.me/c540101/v540101826/11783/7BCvYTSBTRA.jpg";"Очки<br/>Цена: 280 грн.<br/>Размеры: высота 6.3 см., ширина 15.3 см. <br/>Woman<br/>ОО10009<br/>";"Очки";280;;" высота 6.3 см., ширина 15.3 см. ";"ОО10009";"<h1>Очки</h1><br/>Woman<br/>";""
"photo-13279251_325104624";"http://cs540103.vk.me/c540101/v540101826/1178b/LYxMnaHWhVY.jpg";"Очки<br/>Цена: 280 грн.<br/>Размеры: высота 6.3 см., ширина 15.3 см. <br/>Woman<br/>ОО10009<br/>Черный";"Очки";280;;" высота 6.3 см., ширина 15.3 см. ";"Черный";"<h1>Очки</h1><br/>Woman<br/>ОО10009<br/>";""
"photo-13279251_325104629";"http://cs540103.vk.me/c540101/v540101826/11793/x3s4KLw4ZR4.jpg";"Очки<br/>Цена: 280 грн.<br/>Размеры: высота 6.3 см., ширина 15.3 см. <br/>Woman<br/>ОО10009<br/>Темно-коричневый";"Очки";280;;" высота 6.3 см., ширина 15.3 см. ";"Темно-коричневый";"<h1>Очки</h1><br/>Woman<br/>ОО10009<br/>";""
"photo-13279251_325104630";"http://cs540103.vk.me/c540101/v540101826/1179b/NvBt0jU1eQw.jpg";"Очки<br/>Цена: 280 грн.<br/>Размеры: высота 6.3 см., ширина 15.3 см. <br/>Woman<br/>ОО10009<br/>Леопардовый";"Очки";280;;" высота 6.3 см., ширина 15.3 см. ";"Леопардовый";"<h1>Очки</h1><br/>Woman<br/>ОО10009<br/>";""
"photo-13279251_325104633";"http://cs540103.vk.me/c540101/v540101826/117a3/7xfmjWc5QgA.jpg";"Очки<br/>Цена: 280 грн.<br/>Размеры: высота 6.3 см., ширина 15.3 см. <br/>Woman<br/>ОО10009<br/>Черный";"Очки";280;;" высота 6.3 см., ширина 15.3 см. ";"Черный";"<h1>Очки</h1><br/>Woman<br/>ОО10009<br/>";""
"photo-13279251_325105374";"http://cs540103.vk.me/c540101/v540101826/117b0/scgtf49_1Y0.jpg";"Очки<br/>Цена: 280 грн.<br/>Размеры: высота 5.3 см., ширина 14.2 см. <br/>Woman<br/>ОО10010<br/>Черный";"Очки";280;;" высота 5.3 см., ширина 14.2 см. ";"Черный";"<h1>Очки</h1><br/>Woman<br/>ОО10010<br/>";""
"photo-13279251_325105376";"http://cs540103.vk.me/c540101/v540101826/117b8/TaR_psBRl7o.jpg";"Очки<br/>Цена: 280 грн.<br/>Размеры: высота 5.3 см., ширина 14.2 см. <br/>Woman<br/>ОО10010<br/>Черный";"Очки";280;;" высота 5.3 см., ширина 14.2 см. ";"Черный";"<h1>Очки</h1><br/>Woman<br/>ОО10010<br/>";""
"photo-13279251_325105379";"http://cs540103.vk.me/c540101/v540101826/117c0/GOBtDui8vjA.jpg";"Очки<br/>Цена: 280 грн.<br/>Размеры: высота 5.3 см., ширина 14.2 см. <br/>Woman<br/>ОО10010<br/>Черный";"Очки";280;;" высота 5.3 см., ширина 14.2 см. ";"Черный";"<h1>Очки</h1><br/>Woman<br/>ОО10010<br/>";""
"photo-13279251_325105387";"http://cs540103.vk.me/c540101/v540101826/117c8/KErsZyKZyFE.jpg";"Очки<br/>Цена: 280 грн.<br/>Размеры: высота 5.3 см., ширина 14.2 см. <br/>Woman<br/>ОО10010<br/>";"Очки";280;;" высота 5.3 см., ширина 14.2 см. ";"ОО10010";"<h1>Очки</h1><br/>Woman<br/>";""
"photo-13279251_325105389";"http://cs540103.vk.me/c540101/v540101826/117d0/g0MkpPT36aI.jpg";"Очки<br/>Цена: 280 грн.<br/>Размеры: высота 5.3 см., ширина 14.2 см. <br/>Woman<br/>ОО10010<br/>Леопардовый";"Очки";280;;" высота 5.3 см., ширина 14.2 см. ";"Леопардовый";"<h1>Очки</h1><br/>Woman<br/>ОО10010<br/>";""
"photo-13279251_325105390";"http://cs540103.vk.me/c540101/v540101826/117d8/-6A_0Ioq5Rk.jpg";"Очки<br/>Цена: 280 грн.<br/>Размеры: высота 5.3 см., ширина 14.2 см. <br/>Woman<br/>ОО10010<br/>Черный";"Очки";280;;" высота 5.3 см., ширина 14.2 см. ";"Черный";"<h1>Очки</h1><br/>Woman<br/>ОО10010<br/>";""
"photo-13279251_325105395";"http://cs540103.vk.me/c540101/v540101826/117e0/go_9Sm15HSQ.jpg";"Очки<br/>Цена: 280 грн.<br/>Размеры: высота 5.3 см., ширина 14.2 см. <br/>Woman<br/>ОО10010<br/>Темно-коричневый";"Очки";280;;" высота 5.3 см., ширина 14.2 см. ";"Темно-коричневый";"<h1>Очки</h1><br/>Woman<br/>ОО10010<br/>";""
"photo-13279251_325395978";"http://cs540103.vk.me/c540101/v540101826/120a9/qnwFDdaJggM.jpg";"Очки<br/>Цена: 280 грн.<br/>Размеры: высота 5.4 см., ширина 14 см. <br/>Woman<br/>ОО10011<br/>Черный";"Очки";280;;" высота 5.4 см., ширина 14 см. ";"Черный";"<h1>Очки</h1><br/>Woman<br/>ОО10011<br/>";""
"photo-13279251_325395979";"http://cs540103.vk.me/c540101/v540101826/120b1/oJ_fCjm1lYQ.jpg";"Очки<br/>Цена: 280 грн.<br/>Размеры: высота 5.4 см., ширина 14 см. <br/>Woman<br/>ОО10011<br/>Черный";"Очки";280;;" высота 5.4 см., ширина 14 см. ";"Черный";"<h1>Очки</h1><br/>Woman<br/>ОО10011<br/>";""
"photo-13279251_325395983";"http://cs540103.vk.me/c540101/v540101826/120b9/UJuzXdZH5qc.jpg";"Очки<br/>Цена: 280 грн.<br/>Размеры: высота 5.4 см., ширина 14 см. <br/>Woman<br/>ОО10011<br/>";"Очки";280;;" высота 5.4 см., ширина 14 см. ";"ОО10011";"<h1>Очки</h1><br/>Woman<br/>";""
"photo-13279251_325395984";"http://cs540103.vk.me/c540101/v540101826/120c1/IFBLDp5Sq04.jpg";"Очки<br/>Цена: 280 грн.<br/>Размеры: высота 5.4 см., ширина 14 см. <br/>Woman<br/>ОО10011<br/>Черный";"Очки";280;;" высота 5.4 см., ширина 14 см. ";"Черный";"<h1>Очки</h1><br/>Woman<br/>ОО10011<br/>";""
"photo-13279251_325395989";"http://cs540103.vk.me/c540101/v540101826/120c9/oIjG_MIjCEg.jpg";"Очки<br/>Цена: 280 грн.<br/>Размеры: высота 5.4 см., ширина 14 см. <br/>Woman<br/>ОО10011<br/>Коричневый";"Очки";280;;" высота 5.4 см., ширина 14 см. ";"Коричневый";"<h1>Очки</h1><br/>Woman<br/>ОО10011<br/>";""
"photo-13279251_325395990";"http://cs540103.vk.me/c540101/v540101826/120d1/o_UXCa_LRps.jpg";"Очки<br/>Цена: 280 грн.<br/>Размеры: высота 5.4 см., ширина 14 см. <br/>Woman<br/>ОО10011<br/>Черный+Фиолетовый";"Очки";280;;" высота 5.4 см., ширина 14 см. ";"Черный+Фиолетовый";"<h1>Очки</h1><br/>Woman<br/>ОО10011<br/>";""
"photo-13279251_325396087";"http://cs540103.vk.me/c540101/v540101826/120d9/HRcIAxwCdQk.jpg";"Очки<br/>Цена: 299 грн.<br/>Размеры: высота 5.4 см., ширина 14.7 см. <br/>Woman<br/>ОО10012<br/>Черный";"Очки";299;;" высота 5.4 см., ширина 14.7 см. ";"Черный";"<h1>Очки</h1><br/>Woman<br/>ОО10012<br/>";""
"photo-13279251_325396088";"http://cs540103.vk.me/c540101/v540101826/120e1/jZwe2nsGD2U.jpg";"Очки<br/>Цена: 299 грн.<br/>Размеры: высота 5.4 см., ширина 14.7 см. <br/>Woman<br/>ОО10012<br/>Черный";"Очки";299;;" высота 5.4 см., ширина 14.7 см. ";"Черный";"<h1>Очки</h1><br/>Woman<br/>ОО10012<br/>";""
"photo-13279251_325396089";"http://cs540103.vk.me/c540101/v540101826/120e9/oTiwrmG07UI.jpg";"Очки<br/>Цена: 299 грн.<br/>Размеры: высота 5.4 см., ширина 14.7 см. <br/>Woman<br/>ОО10012<br/>";"Очки";299;;" высота 5.4 см., ширина 14.7 см. ";"ОО10012";"<h1>Очки</h1><br/>Woman<br/>";""
"photo-13279251_325396091";"http://cs540103.vk.me/c540101/v540101826/120f1/YamYExbBbRw.jpg";"Очки<br/>Цена: 299 грн.<br/>Размеры: высота 5.4 см., ширина 14.7 см. <br/>Woman<br/>ОО10012<br/>Коричневый";"Очки";299;;" высота 5.4 см., ширина 14.7 см. ";"Коричневый";"<h1>Очки</h1><br/>Woman<br/>ОО10012<br/>";""
"photo-13279251_325396095";"http://cs540103.vk.me/c540101/v540101826/120f9/q4CpSZFg2Bg.jpg";"Очки<br/>Цена: 299 грн.<br/>Размеры: высота 5.4 см., ширина 14.7 см. <br/>Woman<br/>ОО10012<br/>Коричневый";"Очки";299;;" высота 5.4 см., ширина 14.7 см. ";"Коричневый";"<h1>Очки</h1><br/>Woman<br/>ОО10012<br/>";""
"photo-13279251_325396100";"http://cs540103.vk.me/c540101/v540101826/12101/R2_2wnyLBNA.jpg";"Очки<br/>Цена: 299 грн.<br/>Размеры: высота 5.4 см., ширина 14.7 см. <br/>Woman<br/>ОО10012<br/>Коричневый";"Очки";299;;" высота 5.4 см., ширина 14.7 см. ";"Коричневый";"<h1>Очки</h1><br/>Woman<br/>ОО10012<br/>";""
"photo-13279251_325396132";"http://cs540103.vk.me/c540101/v540101826/12109/2P86zhMvvyY.jpg";"Круглые очки<br/>Цена: 285 грн.<br/>Размеры: высота 5.9 см., ширина 13.9 см. <br/>Woman<br/>ОО10013<br/>Черный";"Круглые очки";285;;" высота 5.9 см., ширина 13.9 см. ";"Черный";"<h1>Круглые очки</h1><br/>Woman<br/>ОО10013<br/>";""
"photo-13279251_325396133";"http://cs540103.vk.me/c540101/v540101826/12111/nUh6GqvIBQ8.jpg";"Круглые очки<br/>Цена: 285 грн.<br/>Размеры: высота 5.9 см., ширина 13.9 см. <br/>Woman<br/>ОО10013<br/>Черный";"Круглые очки";285;;" высота 5.9 см., ширина 13.9 см. ";"Черный";"<h1>Круглые очки</h1><br/>Woman<br/>ОО10013<br/>";""
"photo-13279251_325396135";"http://cs540103.vk.me/c540101/v540101826/12119/Bn5kCXZKfXQ.jpg";"Круглые очки<br/>Цена: 285 грн.<br/>Размеры: высота 5.9 см., ширина 13.9 см. <br/>Woman<br/>ОО10013<br/>";"Круглые очки";285;;" высота 5.9 см., ширина 13.9 см. ";"ОО10013";"<h1>Круглые очки</h1><br/>Woman<br/>";""
"photo-13279251_325396137";"http://cs540103.vk.me/c540101/v540101826/12121/Ll7V9rLrGUM.jpg";"Круглые очки<br/>Цена: 285 грн.<br/>Размеры: высота 5.9 см., ширина 13.9 см. <br/>Woman<br/>ОО10013<br/>Черный";"Круглые очки";285;;" высота 5.9 см., ширина 13.9 см. ";"Черный";"<h1>Круглые очки</h1><br/>Woman<br/>ОО10013<br/>";""
"photo-13279251_325396139";"http://cs540103.vk.me/c540101/v540101826/12129/y_N83bFuhH0.jpg";"Круглые очки<br/>Цена: 285 грн.<br/>Размеры: высота 5.9 см., ширина 13.9 см. <br/>Woman<br/>ОО10013<br/>Леопардовый";"Круглые очки";285;;" высота 5.9 см., ширина 13.9 см. ";"Леопардовый";"<h1>Круглые очки</h1><br/>Woman<br/>ОО10013<br/>";""
"photo-13279251_325396141";"http://cs540103.vk.me/c540101/v540101826/12131/Gx2ySF0faRQ.jpg";"Круглые очки<br/>Цена: 285 грн.<br/>Размеры: высота 5.9 см., ширина 13.9 см. <br/>Woman<br/>ОО10013<br/>Бирюзовый";"Круглые очки";285;;" высота 5.9 см., ширина 13.9 см. ";"Бирюзовый";"<h1>Круглые очки</h1><br/>Woman<br/>ОО10013<br/>";""
"photo-13279251_325396143";"http://cs540103.vk.me/c540101/v540101826/12139/QPhjNa3Ntr4.jpg";"Круглые очки<br/>Цена: 285 грн.<br/>Размеры: высота 5.9 см., ширина 13.9 см. <br/>Woman<br/>ОО10013<br/>Голубой";"Круглые очки";285;;" высота 5.9 см., ширина 13.9 см. ";"Голубой";"<h1>Круглые очки</h1><br/>Woman<br/>ОО10013<br/>";""
"photo-13279251_325396144";"http://cs540103.vk.me/c540101/v540101826/12141/Jxegnbh3xmM.jpg";"Круглые очки<br/>Цена: 285 грн.<br/>Размеры: высота 5.9 см., ширина 13.9 см. <br/>Woman<br/>ОО10013<br/>Бежевый";"Круглые очки";285;;" высота 5.9 см., ширина 13.9 см. ";"Бежевый";"<h1>Круглые очки</h1><br/>Woman<br/>ОО10013<br/>";""
"photo-13279251_325396146";"http://cs540103.vk.me/c540101/v540101826/12149/47FTRO9el1k.jpg";"Круглые очки<br/>Цена: 285 грн.<br/>Размеры: высота 5.9 см., ширина 13.9 см. <br/>Woman<br/>ОО10013<br/>Светло-голубой";"Круглые очки";285;;" высота 5.9 см., ширина 13.9 см. ";"Светло-голубой";"<h1>Круглые очки</h1><br/>Woman<br/>ОО10013<br/>";""
"photo-13279251_325398700";"http://cs540103.vk.me/c540101/v540101826/12166/4PrgMs33eYg.jpg";"Очки<br/>Цена: 325 грн.<br/>Размеры: высота 5.4 см., ширина 14.2 см. <br/>Woman<br/>ОО10014<br/>Черный";"Очки";325;;" высота 5.4 см., ширина 14.2 см. ";"Черный";"<h1>Очки</h1><br/>Woman<br/>ОО10014<br/>";""
"photo-13279251_325398702";"http://cs540103.vk.me/c540101/v540101826/1216e/ygmCKR4rJVM.jpg";"Очки<br/>Цена: 325 грн.<br/>Размеры: высота 5.4 см., ширина 14.2 см. <br/>Woman<br/>ОО10014<br/>Черный";"Очки";325;;" высота 5.4 см., ширина 14.2 см. ";"Черный";"<h1>Очки</h1><br/>Woman<br/>ОО10014<br/>";""
"photo-13279251_325398703";"http://cs540103.vk.me/c540101/v540101826/12176/4NYvG_NDl8Q.jpg";"Очки<br/>Цена: 325 грн.<br/>Размеры: высота 5.4 см., ширина 14.2 см. <br/>Woman<br/>ОО10014<br/>";"Очки";325;;" высота 5.4 см., ширина 14.2 см. ";"ОО10014";"<h1>Очки</h1><br/>Woman<br/>";""
"photo-13279251_325398706";"http://cs540103.vk.me/c540101/v540101826/1217e/8A379NCEQnM.jpg";"Очки<br/>Цена: 325 грн.<br/>Размеры: высота 5.4 см., ширина 14.2 см. <br/>Woman<br/>ОО10014<br/>Коричневый";"Очки";325;;" высота 5.4 см., ширина 14.2 см. ";"Коричневый";"<h1>Очки</h1><br/>Woman<br/>ОО10014<br/>";""
"photo-13279251_325398707";"http://cs540103.vk.me/c540101/v540101826/12186/jOmj_95M0Ro.jpg";"Очки<br/>Цена: 325 грн.<br/>Размеры: высота 5.4 см., ширина 14.2 см. <br/>Woman<br/>ОО10014<br/>Синий";"Очки";325;;" высота 5.4 см., ширина 14.2 см. ";"Синий";"<h1>Очки</h1><br/>Woman<br/>ОО10014<br/>";""
"photo-13279251_325398708";"http://cs540103.vk.me/c540101/v540101826/1218e/of-1oz0YHvw.jpg";"Очки<br/>Цена: 325 грн.<br/>Размеры: высота 5.4 см., ширина 14.2 см. <br/>Woman<br/>ОО10014<br/>Серый";"Очки";325;;" высота 5.4 см., ширина 14.2 см. ";"Серый";"<h1>Очки</h1><br/>Woman<br/>ОО10014<br/>";""
"photo-13279251_325398709";"http://cs540103.vk.me/c540101/v540101826/12196/PYhnOMxZhFU.jpg";"Очки<br/>Цена: 325 грн.<br/>Размеры: высота 5.4 см., ширина 14.2 см. <br/>Woman<br/>ОО10014<br/>Черный";"Очки";325;;" высота 5.4 см., ширина 14.2 см. ";"Черный";"<h1>Очки</h1><br/>Woman<br/>ОО10014<br/>";""
"photo-13279251_325398712";"http://cs540103.vk.me/c540101/v540101826/1219e/yk5SD6hJgS4.jpg";"Очки<br/>Цена: 325 грн.<br/>Размеры: высота 5.4 см., ширина 14.2 см. <br/>Woman<br/>ОО10014<br/>Золотой";"Очки";325;;" высота 5.4 см., ширина 14.2 см. ";"Золотой";"<h1>Очки</h1><br/>Woman<br/>ОО10014<br/>";""
"photo-13279251_325398735";"http://cs540103.vk.me/c540101/v540101826/121a6/C1O5uCly-AM.jpg";"Очки<br/>Цена: 280 грн.<br/>Размеры: высота 4.7 см., ширина 13.7 см. <br/>Woman<br/>ОО10015<br/>Синий";"Очки";280;;" высота 4.7 см., ширина 13.7 см. ";"Синий";"<h1>Очки</h1><br/>Woman<br/>ОО10015<br/>";""
"photo-13279251_325398736";"http://cs540103.vk.me/c540101/v540101826/121ae/YUC7S1k1y5I.jpg";"Очки<br/>Цена: 280 грн.<br/>Размеры: высота 4.7 см., ширина 13.7 см. <br/>Woman<br/>ОО10015<br/>Синий";"Очки";280;;" высота 4.7 см., ширина 13.7 см. ";"Синий";"<h1>Очки</h1><br/>Woman<br/>ОО10015<br/>";""
"photo-13279251_325398739";"http://cs540103.vk.me/c540101/v540101826/121b6/JvHlymDW9bg.jpg";"Очки<br/>Цена: 280 грн.<br/>Размеры: высота 4.7 см., ширина 13.7 см. <br/>Woman<br/>ОО10015<br/>";"Очки";280;;" высота 4.7 см., ширина 13.7 см. ";"ОО10015";"<h1>Очки</h1><br/>Woman<br/>";""
"photo-13279251_325398740";"http://cs540103.vk.me/c540101/v540101826/121be/g712lZzKNbM.jpg";"Очки<br/>Цена: 280 грн.<br/>Размеры: высота 4.7 см., ширина 13.7 см. <br/>Woman<br/>ОО10015<br/>Синий";"Очки";280;;" высота 4.7 см., ширина 13.7 см. ";"Синий";"<h1>Очки</h1><br/>Woman<br/>ОО10015<br/>";""
"photo-13279251_325398743";"http://cs540103.vk.me/c540101/v540101826/121c6/GtDsy2s0YBo.jpg";"Очки<br/>Цена: 280 грн.<br/>Размеры: высота 4.7 см., ширина 13.7 см. <br/>Woman<br/>ОО10015<br/>Желтый";"Очки";280;;" высота 4.7 см., ширина 13.7 см. ";"Желтый";"<h1>Очки</h1><br/>Woman<br/>ОО10015<br/>";""
"photo-13279251_325398744";"http://cs540103.vk.me/c540101/v540101826/121ce/SnMZHHr2sSQ.jpg";"Очки<br/>Цена: 280 грн.<br/>Размеры: высота 4.7 см., ширина 13.7 см. <br/>Woman<br/>ОО10015<br/>Серебряный";"Очки";280;;" высота 4.7 см., ширина 13.7 см. ";"Серебряный";"<h1>Очки</h1><br/>Woman<br/>ОО10015<br/>";""
"photo-13279251_325398746";"http://cs540103.vk.me/c540101/v540101826/121d6/cuCY7ZZCCBk.jpg";"Очки<br/>Цена: 280 грн.<br/>Размеры: высота 4.7 см., ширина 13.7 см. <br/>Woman<br/>ОО10015<br/>Черный";"Очки";280;;" высота 4.7 см., ширина 13.7 см. ";"Черный";"<h1>Очки</h1><br/>Woman<br/>ОО10015<br/>";""
"photo-13279251_325398747";"http://cs540103.vk.me/c540101/v540101826/121de/LjFuqTb9pIc.jpg";"Очки<br/>Цена: 280 грн.<br/>Размеры: высота 4.7 см., ширина 13.7 см. <br/>Woman<br/>ОО10015<br/>Зеленый";"Очки";280;;" высота 4.7 см., ширина 13.7 см. ";"Зеленый";"<h1>Очки</h1><br/>Woman<br/>ОО10015<br/>";""
"photo-13279251_325398750";"http://cs540103.vk.me/c540101/v540101826/121e6/eZhRYTX4SoM.jpg";"Очки<br/>Цена: 280 грн.<br/>Размеры: высота 4.7 см., ширина 13.7 см. <br/>Woman<br/>ОО10015<br/>Золотой";"Очки";280;;" высота 4.7 см., ширина 13.7 см. ";"Золотой";"<h1>Очки</h1><br/>Woman<br/>ОО10015<br/>";""
"photo-13279251_325398754";"http://cs540103.vk.me/c540101/v540101826/121ee/EHtogOSs07s.jpg";"Очки<br/>Цена: 280 грн.<br/>Размеры: высота 4.7 см., ширина 13.7 см. <br/>Woman<br/>ОО10015<br/>Коричневый";"Очки";280;;" высота 4.7 см., ширина 13.7 см. ";"Коричневый";"<h1>Очки</h1><br/>Woman<br/>ОО10015<br/>";""
"photo-13279251_325398779";"http://cs540103.vk.me/c540101/v540101826/121f6/mzfDRpCSUGQ.jpg";"Очки<br/>Цена: 280 грн.<br/>Размеры: высота 5 см., ширина 14 см. <br/>Woman<br/>ОО10016<br/>Черный";"Очки";280;;" высота 5 см., ширина 14 см. ";"Черный";"<h1>Очки</h1><br/>Woman<br/>ОО10016<br/>";""
"photo-13279251_325398780";"http://cs540103.vk.me/c540101/v540101826/121fe/UkgsFGrqTIE.jpg";"Очки<br/>Цена: 280 грн.<br/>Размеры: высота 5 см., ширина 14 см. <br/>Woman<br/>ОО10016<br/>Черный";"Очки";280;;" высота 5 см., ширина 14 см. ";"Черный";"<h1>Очки</h1><br/>Woman<br/>ОО10016<br/>";""
"photo-13279251_325398782";"http://cs540103.vk.me/c540101/v540101826/12206/QJkdLqmayaM.jpg";"Очки<br/>Цена: 280 грн.<br/>Размеры: высота 5 см., ширина 14 см. <br/>Woman<br/>ОО10016<br/>";"Очки";280;;" высота 5 см., ширина 14 см. ";"ОО10016";"<h1>Очки</h1><br/>Woman<br/>";""
"photo-13279251_325398783";"http://cs540103.vk.me/c540101/v540101826/1220e/xTFqYWaCb3M.jpg";"Очки<br/>Цена: 280 грн.<br/>Размеры: высота 5 см., ширина 14 см. <br/>Woman<br/>ОО10016<br/>Черный";"Очки";280;;" высота 5 см., ширина 14 см. ";"Черный";"<h1>Очки</h1><br/>Woman<br/>ОО10016<br/>";""
"photo-13279251_325398785";"http://cs540103.vk.me/c540101/v540101826/12216/nfd-JyHNBgQ.jpg";"Очки<br/>Цена: 280 грн.<br/>Размеры: высота 5 см., ширина 14 см. <br/>Woman<br/>ОО10016<br/>Коричневый";"Очки";280;;" высота 5 см., ширина 14 см. ";"Коричневый";"<h1>Очки</h1><br/>Woman<br/>ОО10016<br/>";""
"photo-13279251_325398786";"http://cs540103.vk.me/c540101/v540101826/1221e/aTJMVI6BqPs.jpg";"Очки<br/>Цена: 280 грн.<br/>Размеры: высота 5 см., ширина 14 см. <br/>Woman<br/>ОО10016<br/>Коричневый";"Очки";280;;" высота 5 см., ширина 14 см. ";"Коричневый";"<h1>Очки</h1><br/>Woman<br/>ОО10016<br/>";""
"photo-13279251_325399660";"http://cs540103.vk.me/c540101/v540101826/1227e/-QE92D5Kh4w.jpg";"Очки<br/>Цена: 280 грн.<br/>Размеры: высота 4.7 см., ширина 14.4 см. <br/>Woman<br/>ОО10017<br/>";"Очки";280;;" высота 4.7 см., ширина 14.4 см. ";"ОО10017";"<h1>Очки</h1><br/>Woman<br/>";""
"photo-13279251_325399662";"http://cs540103.vk.me/c540101/v540101826/12286/XNTpA3DAcog.jpg";"Очки<br/>Цена: 280 грн.<br/>Размеры: высота 4.7 см., ширина 14.4 см. <br/>Woman<br/>ОО10017<br/>Черный+Золотой";"Очки";280;;" высота 4.7 см., ширина 14.4 см. ";"Черный+Золотой";"<h1>Очки</h1><br/>Woman<br/>ОО10017<br/>";""
"photo-13279251_325399665";"http://cs540103.vk.me/c540101/v540101826/1228e/lEB6hsoSjfY.jpg";"Очки<br/>Цена: 280 грн.<br/>Размеры: высота 4.7 см., ширина 14.4 см. <br/>Woman<br/>ОО10017<br/>Леопардовый";"Очки";280;;" высота 4.7 см., ширина 14.4 см. ";"Леопардовый";"<h1>Очки</h1><br/>Woman<br/>ОО10017<br/>";""
"photo-13279251_325399666";"http://cs540103.vk.me/c540101/v540101826/12296/4K0_fv5F0oc.jpg";"Очки<br/>Цена: 280 грн.<br/>Размеры: высота 4.7 см., ширина 14.4 см. <br/>Woman<br/>ОО10017<br/>Синий";"Очки";280;;" высота 4.7 см., ширина 14.4 см. ";"Синий";"<h1>Очки</h1><br/>Woman<br/>ОО10017<br/>";""
"photo-13279251_325399667";"http://cs540103.vk.me/c540101/v540101826/1229e/iFsoBaz8Fy0.jpg";"Очки<br/>Цена: 280 грн.<br/>Размеры: высота 4.7 см., ширина 14.4 см. <br/>Woman<br/>ОО10017<br/>Коричневый";"Очки";280;;" высота 4.7 см., ширина 14.4 см. ";"Коричневый";"<h1>Очки</h1><br/>Woman<br/>ОО10017<br/>";""
"photo-13279251_325399668";"http://cs540103.vk.me/c540101/v540101826/122a6/NjoedDx0MG0.jpg";"Очки<br/>Цена: 280 грн.<br/>Размеры: высота 4.7 см., ширина 14.4 см. <br/>Woman<br/>ОО10017<br/>Черный+Серебряный";"Очки";280;;" высота 4.7 см., ширина 14.4 см. ";"Черный+Серебряный";"<h1>Очки</h1><br/>Woman<br/>ОО10017<br/>";""
"photo-13279251_325399682";"http://cs540103.vk.me/c540101/v540101826/122ae/2ICgjxk7zSM.jpg";"Очки<br/>Цена: 295 грн.<br/>Размеры: высота 5 см., ширина 13 см. <br/>Woman<br/>ОО10018<br/>";"Очки";295;;" высота 5 см., ширина 13 см. ";"ОО10018";"<h1>Очки</h1><br/>Woman<br/>";""
"photo-13279251_325399684";"http://cs540103.vk.me/c540101/v540101826/122b6/SHs0XZZ8Tzc.jpg";"Очки<br/>Цена: 295 грн.<br/>Размеры: высота 5 см., ширина 13 см. <br/>Woman<br/>ОО10018<br/>Черный матовый";"Очки";295;;" высота 5 см., ширина 13 см. ";"Черный матовый";"<h1>Очки</h1><br/>Woman<br/>ОО10018<br/>";""
"photo-13279251_325399686";"http://cs540103.vk.me/c540101/v540101826/122be/IXL3tPM8_kg.jpg";"Очки<br/>Цена: 295 грн.<br/>Размеры: высота 5 см., ширина 13 см. <br/>Woman<br/>ОО10018<br/>Черный матовый";"Очки";295;;" высота 5 см., ширина 13 см. ";"Черный матовый";"<h1>Очки</h1><br/>Woman<br/>ОО10018<br/>";""
"photo-13279251_325399690";"http://cs540103.vk.me/c540101/v540101826/122c6/91UMASrhQqk.jpg";"Очки<br/>Цена: 295 грн.<br/>Размеры: высота 5 см., ширина 13 см. <br/>Woman<br/>ОО10018<br/>Черный матовый";"Очки";295;;" высота 5 см., ширина 13 см. ";"Черный матовый";"<h1>Очки</h1><br/>Woman<br/>ОО10018<br/>";""
"photo-13279251_325399692";"http://cs540103.vk.me/c540101/v540101826/122ce/dSArQUqXQFw.jpg";"Очки<br/>Цена: 295 грн.<br/>Размеры: высота 5 см., ширина 13 см. <br/>Woman<br/>ОО10018<br/>Леопардовый";"Очки";295;;" высота 5 см., ширина 13 см. ";"Леопардовый";"<h1>Очки</h1><br/>Woman<br/>ОО10018<br/>";""
"photo-13279251_325399694";"http://cs540103.vk.me/c540101/v540101826/122d6/f2Jq79M5KX0.jpg";"Очки<br/>Цена: 295 грн.<br/>Размеры: высота 5 см., ширина 13 см. <br/>Woman<br/>ОО10018<br/>Леопардовый";"Очки";295;;" высота 5 см., ширина 13 см. ";"Леопардовый";"<h1>Очки</h1><br/>Woman<br/>ОО10018<br/>";""
"photo-13279251_325399698";"http://cs540103.vk.me/c540101/v540101826/122de/Tbg7EGZavrY.jpg";"Очки<br/>Цена: 295 грн.<br/>Размеры: высота 5 см., ширина 13 см. <br/>Woman<br/>ОО10018<br/>Черный глянцевый";"Очки";295;;" высота 5 см., ширина 13 см. ";"Черный глянцевый";"<h1>Очки</h1><br/>Woman<br/>ОО10018<br/>";""
"photo-13279251_325399700";"http://cs540103.vk.me/c540101/v540101826/122e6/fMU4mzefzgQ.jpg";"Очки<br/>Цена: 295 грн.<br/>Размеры: высота 5 см., ширина 13 см. <br/>Woman<br/>ОО10018<br/>Черный глянцевый";"Очки";295;;" высота 5 см., ширина 13 см. ";"Черный глянцевый";"<h1>Очки</h1><br/>Woman<br/>ОО10018<br/>";""
"photo-13279251_325399702";"http://cs540103.vk.me/c540101/v540101826/122ee/dkvaLheiJdw.jpg";"Очки<br/>Цена: 295 грн.<br/>Размеры: высота 5 см., ширина 13 см. <br/>Woman<br/>ОО10018<br/>Коричневый";"Очки";295;;" высота 5 см., ширина 13 см. ";"Коричневый";"<h1>Очки</h1><br/>Woman<br/>ОО10018<br/>";""
"photo-13279251_325399704";"http://cs540103.vk.me/c540101/v540101826/122f6/R5v604WROF8.jpg";"Очки<br/>Цена: 295 грн.<br/>Размеры: высота 5 см., ширина 13 см. <br/>Woman<br/>ОО10018<br/>Коричневый";"Очки";295;;" высота 5 см., ширина 13 см. ";"Коричневый";"<h1>Очки</h1><br/>Woman<br/>ОО10018<br/>";""
"photo-13279251_328061186";"http://cs540103.vk.me/c7006/v7006826/9eb8/vw1B5XsNZFs.jpg";"Очки<br/>Цена: 460 грн.<br/>Размеры: <br/>- ширина 14 см., высота 5,6 см.<br/>- ширина 15 см., высота 6,1 см.<br/>Woman<br/>ОО10019";"Очки";460;;" ";"ОО10019";"<h1>Очки</h1><br/>- ширина 14 см., высота 5,6 см.<br/>- ширина 15 см., высота 6,1 см.<br/>Woman<br/>";""
"photo-13279251_328061191";"http://cs540103.vk.me/c7006/v7006826/9ec0/OXTBtYmaM5A.jpg";"Очки<br/>Цена: 460 грн.<br/>Размеры: <br/>- ширина 14 см., высота 5,6 см.<br/>- ширина 15 см., высота 6,1 см.<br/>Woman<br/>ОО10019";"Очки";460;;" ";"ОО10019";"<h1>Очки</h1><br/>- ширина 14 см., высота 5,6 см.<br/>- ширина 15 см., высота 6,1 см.<br/>Woman<br/>";""
"photo-13279251_328061195";"http://cs540103.vk.me/c7006/v7006826/9ec8/ZDz-h5MWwLw.jpg";"Очки<br/>Цена: 460 грн.<br/>Размеры: <br/>- ширина 14 см., высота 5,6 см.<br/>- ширина 15 см., высота 6,1 см.<br/>Woman<br/>ОО10019";"Очки";460;;" ";"ОО10019";"<h1>Очки</h1><br/>- ширина 14 см., высота 5,6 см.<br/>- ширина 15 см., высота 6,1 см.<br/>Woman<br/>";""
"photo-13279251_328061203";"http://cs540103.vk.me/c7006/v7006826/9ed0/MXaIY8TpQos.jpg";"Очки<br/>Цена: 460 грн.<br/>Размеры: <br/>- ширина 14 см., высота 5,6 см.<br/>- ширина 15 см., высота 6,1 см.<br/>Woman<br/>ОО10019<br/>Коричневый";"Очки";460;;" ";"Коричневый";"<h1>Очки</h1><br/>- ширина 14 см., высота 5,6 см.<br/>- ширина 15 см., высота 6,1 см.<br/>Woman<br/>ОО10019<br/>";""
"photo-13279251_344326354";"http://cs540103.vk.me/c7006/v7006826/1e43d/qzZTl7CiBo4.jpg";"Очки<br/>Цена: 399 грн.<br/>Размеры: ширина 13.5 см., высота 5 см.<br/>Woman<br/>ОО10020<br/>Черный";"Очки";399;;" ширина 13.5 см., высота 5 см.";"Черный";"<h1>Очки</h1><br/>Woman<br/>ОО10020<br/>";""
"photo-13279251_344326356";"http://cs540103.vk.me/c7006/v7006826/1e445/evIFjmVb7B8.jpg";"Очки<br/>Цена: 399 грн.<br/>Размеры: ширина 13.5 см., высота 5 см.<br/>Woman<br/>ОО10020<br/>Черный";"Очки";399;;" ширина 13.5 см., высота 5 см.";"Черный";"<h1>Очки</h1><br/>Woman<br/>ОО10020<br/>";""
"photo-13279251_344326357";"http://cs540103.vk.me/c7006/v7006826/1e44d/4ic70wkECRo.jpg";"Очки<br/>Цена: 399 грн.<br/>Размеры: ширина 13.5 см., высота 5 см.<br/>Woman<br/>ОО10020<br/>Черный";"Очки";399;;" ширина 13.5 см., высота 5 см.";"Черный";"<h1>Очки</h1><br/>Woman<br/>ОО10020<br/>";""
"photo-13279251_344326358";"http://cs540103.vk.me/c7006/v7006826/1e455/w3wR1V1Bag0.jpg";"Очки<br/>Цена: 399 грн.<br/>Размеры: ширина 13.5 см., высота 5 см.<br/>Woman<br/>ОО10020<br/>Черный";"Очки";399;;" ширина 13.5 см., высота 5 см.";"Черный";"<h1>Очки</h1><br/>Woman<br/>ОО10020<br/>";""
"photo-13279251_344326359";"http://cs540103.vk.me/c7006/v7006826/1e45d/2lkULZj5XWA.jpg";"Очки<br/>Цена: 399 грн.<br/>Размеры: ширина 13.5 см., высота 5 см.<br/>Woman<br/>ОО10020<br/>Черный";"Очки";399;;" ширина 13.5 см., высота 5 см.";"Черный";"<h1>Очки</h1><br/>Woman<br/>ОО10020<br/>";""
"photo-13279251_344326361";"http://cs540103.vk.me/c7006/v7006826/1e465/LYR93stzqpY.jpg";"Очки<br/>Цена: 399 грн.<br/>Размеры: ширина 13.5 см., высота 5 см.<br/>Woman<br/>ОО10020<br/>Черный";"Очки";399;;" ширина 13.5 см., высота 5 см.";"Черный";"<h1>Очки</h1><br/>Woman<br/>ОО10020<br/>";""
"photo-13279251_344326362";"http://cs540103.vk.me/c7006/v7006826/1e46d/7E51ZCc6AbE.jpg";"Очки<br/>Цена: 399 грн.<br/>Размеры: ширина 13.5 см., высота 5 см.<br/>Woman<br/>ОО10020<br/>Черный";"Очки";399;;" ширина 13.5 см., высота 5 см.";"Черный";"<h1>Очки</h1><br/>Woman<br/>ОО10020<br/>";""
"photo-13279251_344326363";"http://cs540103.vk.me/c7006/v7006826/1e475/myLXPMpkrOg.jpg";"Очки<br/>Цена: 399 грн.<br/>Размеры: ширина 13.5 см., высота 5 см.<br/>Woman<br/>ОО10020<br/>Серебряный";"Очки";399;;" ширина 13.5 см., высота 5 см.";"Серебряный";"<h1>Очки</h1><br/>Woman<br/>ОО10020<br/>";""
"photo-13279251_344326364";"http://cs540103.vk.me/c7006/v7006826/1e47d/jXYlaS8sdEE.jpg";"Очки<br/>Цена: 399 грн.<br/>Размеры: ширина 13.5 см., высота 5 см.<br/>Woman<br/>ОО10020<br/>Серебряный";"Очки";399;;" ширина 13.5 см., высота 5 см.";"Серебряный";"<h1>Очки</h1><br/>Woman<br/>ОО10020<br/>";""
"photo-13279251_344326365";"http://cs540103.vk.me/c7006/v7006826/1e485/pmII-45osWQ.jpg";"Очки<br/>Цена: 399 грн.<br/>Размеры: ширина 13.5 см., высота 5 см.<br/>Woman<br/>ОО10020<br/>Серебряный";"Очки";399;;" ширина 13.5 см., высота 5 см.";"Серебряный";"<h1>Очки</h1><br/>Woman<br/>ОО10020<br/>";""
"photo-13279251_344326366";"http://cs540103.vk.me/c7006/v7006826/1e48d/q8YlFMYeRxs.jpg";"Очки<br/>Цена: 399 грн.<br/>Размеры: ширина 13.5 см., высота 5 см.<br/>Woman<br/>ОО10020<br/>Белый";"Очки";399;;" ширина 13.5 см., высота 5 см.";"Белый";"<h1>Очки</h1><br/>Woman<br/>ОО10020<br/>";""
"photo-13279251_344326367";"http://cs540103.vk.me/c7006/v7006826/1e495/-1uhwCGehvA.jpg";"Очки<br/>Цена: 399 грн.<br/>Размеры: ширина 13.5 см., высота 5 см.<br/>Woman<br/>ОО10020<br/>Белый";"Очки";399;;" ширина 13.5 см., высота 5 см.";"Белый";"<h1>Очки</h1><br/>Woman<br/>ОО10020<br/>";""
"photo-13279251_344326368";"http://cs540103.vk.me/c7006/v7006826/1e49d/bLep0E3ck_A.jpg";"Очки<br/>Цена: 399 грн.<br/>Размеры: ширина 13.5 см., высота 5 см.<br/>Woman<br/>ОО10020<br/>Леопардовый";"Очки";399;;" ширина 13.5 см., высота 5 см.";"Леопардовый";"<h1>Очки</h1><br/>Woman<br/>ОО10020<br/>";""
"photo-13279251_344326369";"http://cs540103.vk.me/c7006/v7006826/1e4a5/15bkoIm6LpM.jpg";"Очки<br/>Цена: 399 грн.<br/>Размеры: ширина 13.5 см., высота 5 см.<br/>Woman<br/>ОО10020<br/>Леопардовый";"Очки";399;;" ширина 13.5 см., высота 5 см.";"Леопардовый";"<h1>Очки</h1><br/>Woman<br/>ОО10020<br/>";""
"photo-13279251_344326370";"http://cs540103.vk.me/c7006/v7006826/1e4ad/I883kn6NbZE.jpg";"Очки<br/>Цена: 399 грн.<br/>Размеры: ширина 13.5 см., высота 5 см.<br/>Woman<br/>ОО10020<br/>Черный+Черный";"Очки";399;;" ширина 13.5 см., высота 5 см.";"Черный+Черный";"<h1>Очки</h1><br/>Woman<br/>ОО10020<br/>";""
"photo-13279251_344326371";"http://cs540103.vk.me/c7006/v7006826/1e4b5/28hegjHlWQA.jpg";"Очки<br/>Цена: 399 грн.<br/>Размеры: ширина 13.5 см., высота 5 см.<br/>Woman<br/>ОО10020<br/>Черный+Черный";"Очки";399;;" ширина 13.5 см., высота 5 см.";"Черный+Черный";"<h1>Очки</h1><br/>Woman<br/>ОО10020<br/>";""
"photo-13279251_344326372";"http://cs540103.vk.me/c7006/v7006826/1e4bd/RVCkrFitmRY.jpg";"Очки<br/>Цена: 399 грн.<br/>Размеры: ширина 13.5 см., высота 5 см.<br/>Woman<br/>ОО10020<br/>Черный+Черный";"Очки";399;;" ширина 13.5 см., высота 5 см.";"Черный+Черный";"<h1>Очки</h1><br/>Woman<br/>ОО10020<br/>";""
"photo-13279251_344326374";"http://cs540103.vk.me/c7006/v7006826/1e4c5/LL3VflWkv5M.jpg";"Очки<br/>Цена: 350 грн.<br/>Размеры: ширина 15 см., высота 7 см.<br/>Woman<br/>ОО10021<br/>Коричневый";"Очки";350;;" ширина 15 см., высота 7 см.";"Коричневый";"<h1>Очки</h1><br/>Woman<br/>ОО10021<br/>";""
"photo-13279251_344326376";"http://cs540103.vk.me/c7006/v7006826/1e4cd/Lk-ixW8JZuo.jpg";"Очки<br/>Цена: 350 грн.<br/>Размеры: ширина 15 см., высота 7 см.<br/>Woman<br/>ОО10021<br/>Коричневый+Золотой";"Очки";350;;" ширина 15 см., высота 7 см.";"Коричневый+Золотой";"<h1>Очки</h1><br/>Woman<br/>ОО10021<br/>";""
"photo-13279251_344326377";"http://cs540103.vk.me/c7006/v7006826/1e4d5/BJxjDtGgdZ8.jpg";"Очки<br/>Цена: 350 грн.<br/>Размеры: ширина 15 см., высота 7 см.<br/>Woman<br/>ОО10021<br/>Коричневый+Золотой";"Очки";350;;" ширина 15 см., высота 7 см.";"Коричневый+Золотой";"<h1>Очки</h1><br/>Woman<br/>ОО10021<br/>";""
"photo-13279251_344326378";"http://cs540103.vk.me/c7006/v7006826/1e4dd/W-6MRl_dgso.jpg";"Очки<br/>Цена: 350 грн.<br/>Размеры: ширина 15 см., высота 7 см.<br/>Woman<br/>ОО10021<br/>Черный+Черный";"Очки";350;;" ширина 15 см., высота 7 см.";"Черный+Черный";"<h1>Очки</h1><br/>Woman<br/>ОО10021<br/>";""
"photo-13279251_344326380";"http://cs540103.vk.me/c7006/v7006826/1e4e5/5L462Yx421A.jpg";"Очки<br/>Цена: 350 грн.<br/>Размеры: ширина 15 см., высота 7 см.<br/>Woman<br/>ОО10021<br/>Черный+Черный";"Очки";350;;" ширина 15 см., высота 7 см.";"Черный+Черный";"<h1>Очки</h1><br/>Woman<br/>ОО10021<br/>";""
"photo-13279251_344326382";"http://cs540103.vk.me/c7006/v7006826/1e4ed/8rc3M9Mf-qs.jpg";"Очки<br/>Цена: 350 грн.<br/>Размеры: ширина 15 см., высота 7 см.<br/>Woman<br/>ОО10021<br/>Черный+Черный";"Очки";350;;" ширина 15 см., высота 7 см.";"Черный+Черный";"<h1>Очки</h1><br/>Woman<br/>ОО10021<br/>";""
"photo-13279251_344326403";"http://cs540103.vk.me/c7006/v7006826/1e52d/E3bTBd_ALRc.jpg";"Очки<br/>Цена: 380 грн.<br/>Размеры: ширина 14.5 см., высота 6 см.<br/>Woman<br/>ОО10022<br/>Черный";"Очки";380;;" ширина 14.5 см., высота 6 см.";"Черный";"<h1>Очки</h1><br/>Woman<br/>ОО10022<br/>";""
"photo-13279251_344326404";"http://cs540103.vk.me/c7006/v7006826/1e535/ZthMXxHUcSk.jpg";"Очки<br/>Цена: 380 грн.<br/>Размеры: ширина 14.5 см., высота 6 см.<br/>Woman<br/>ОО10022<br/>Черный глянцевый";"Очки";380;;" ширина 14.5 см., высота 6 см.";"Черный глянцевый";"<h1>Очки</h1><br/>Woman<br/>ОО10022<br/>";""
"photo-13279251_344326406";"http://cs540103.vk.me/c7006/v7006826/1e53d/aNJ6q1kq1GI.jpg";"Очки<br/>Цена: 380 грн.<br/>Размеры: ширина 14.5 см., высота 6 см.<br/>Woman<br/>ОО10022<br/>Черный глянцевый";"Очки";380;;" ширина 14.5 см., высота 6 см.";"Черный глянцевый";"<h1>Очки</h1><br/>Woman<br/>ОО10022<br/>";""
"photo-13279251_344326407";"http://cs540103.vk.me/c7006/v7006826/1e545/wcgekviCmLg.jpg";"Очки<br/>Цена: 380 грн.<br/>Размеры: ширина 14.5 см., высота 6 см.<br/>Woman<br/>ОО10022<br/>Леопардовый";"Очки";380;;" ширина 14.5 см., высота 6 см.";"Леопардовый";"<h1>Очки</h1><br/>Woman<br/>ОО10022<br/>";""
"photo-13279251_344326410";"http://cs540103.vk.me/c7006/v7006826/1e54d/B-tcLcIoEG4.jpg";"Очки<br/>Цена: 380 грн.<br/>Размеры: ширина 14.5 см., высота 6 см.<br/>Woman<br/>ОО10022<br/>Леопардовый";"Очки";380;;" ширина 14.5 см., высота 6 см.";"Леопардовый";"<h1>Очки</h1><br/>Woman<br/>ОО10022<br/>";""
"photo-13279251_344326411";"http://cs540103.vk.me/c7006/v7006826/1e555/6ixeTOAa5-I.jpg";"Очки<br/>Цена: 380 грн.<br/>Размеры: ширина 14.5 см., высота 6 см.<br/>Woman<br/>ОО10022<br/>Леопардовый";"Очки";380;;" ширина 14.5 см., высота 6 см.";"Леопардовый";"<h1>Очки</h1><br/>Woman<br/>ОО10022<br/>";""
"photo-13279251_344326412";"http://cs540103.vk.me/c7006/v7006826/1e55d/YLREshZO9Hk.jpg";"Очки<br/>Цена: 380 грн.<br/>Размеры: ширина 14.5 см., высота 6 см.<br/>Woman<br/>ОО10022<br/>Черный матовый";"Очки";380;;" ширина 14.5 см., высота 6 см.";"Черный матовый";"<h1>Очки</h1><br/>Woman<br/>ОО10022<br/>";""
"photo-13279251_344326413";"http://cs540103.vk.me/c7006/v7006826/1e565/PrHLwXdbkm8.jpg";"Очки<br/>Цена: 380 грн.<br/>Размеры: ширина 14.5 см., высота 6 см.<br/>Woman<br/>ОО10022<br/>Черный матовый";"Очки";380;;" ширина 14.5 см., высота 6 см.";"Черный матовый";"<h1>Очки</h1><br/>Woman<br/>ОО10022<br/>";""
"photo-13279251_344326414";"http://cs540103.vk.me/c7006/v7006826/1e56d/wAtSzoWk7cA.jpg";"Очки<br/>Цена: 380 грн.<br/>Размеры: ширина 14.5 см., высота 6 см.<br/>Woman<br/>ОО10022<br/>Коричневый";"Очки";380;;" ширина 14.5 см., высота 6 см.";"Коричневый";"<h1>Очки</h1><br/>Woman<br/>ОО10022<br/>";""
"photo-13279251_344326415";"http://cs540103.vk.me/c7006/v7006826/1e575/XAAgu5VSino.jpg";"Очки<br/>Цена: 380 грн.<br/>Размеры: ширина 14.5 см., высота 6 см.<br/>Woman<br/>ОО10022<br/>Коричневый";"Очки";380;;" ширина 14.5 см., высота 6 см.";"Коричневый";"<h1>Очки</h1><br/>Woman<br/>ОО10022<br/>";""
"photo-13279251_344326416";"http://cs540103.vk.me/c7006/v7006826/1e57d/CfHGeUQJwHk.jpg";"Очки<br/>Цена: 380 грн.<br/>Размеры: ширина 14.5 см., высота 6 см.<br/>Woman<br/>ОО10022<br/>Белый";"Очки";380;;" ширина 14.5 см., высота 6 см.";"Белый";"<h1>Очки</h1><br/>Woman<br/>ОО10022<br/>";""
"photo-13279251_344326418";"http://cs540103.vk.me/c7006/v7006826/1e585/Rmh2nbDpBfI.jpg";"Очки<br/>Цена: 380 грн.<br/>Размеры: ширина 14.5 см., высота 6 см.<br/>Woman<br/>ОО10022<br/>Белый";"Очки";380;;" ширина 14.5 см., высота 6 см.";"Белый";"<h1>Очки</h1><br/>Woman<br/>ОО10022<br/>";""
"photo-13279251_344326419";"http://cs540103.vk.me/c7006/v7006826/1e58d/SO0EoYasLh8.jpg";"Очки<br/>Цена: 380 грн.<br/>Размеры: ширина 14.5 см., высота 6 см.<br/>Woman<br/>ОО10022<br/>Красный";"Очки";380;;" ширина 14.5 см., высота 6 см.";"Красный";"<h1>Очки</h1><br/>Woman<br/>ОО10022<br/>";""
"photo-13279251_344326420";"http://cs540103.vk.me/c7006/v7006826/1e595/HZJgDcC85ZM.jpg";"Очки<br/>Цена: 380 грн.<br/>Размеры: ширина 14.5 см., высота 6 см.<br/>Woman<br/>ОО10022<br/>Красный";"Очки";380;;" ширина 14.5 см., высота 6 см.";"Красный";"<h1>Очки</h1><br/>Woman<br/>ОО10022<br/>";""
"photo-13279251_344326421";"http://cs540103.vk.me/c7006/v7006826/1e59d/uRhjDtAYpQI.jpg";"Очки<br/>Цена: 440 грн.<br/>Размеры: ширина 14.1 см., высота 5.5 см.<br/>Woman<br/>ОО10023";"Очки";440;;" ширина 14.1 см., высота 5.5 см.";"ОО10023";"<h1>Очки</h1><br/>Woman<br/>";""
"photo-13279251_344326422";"http://cs540103.vk.me/c7006/v7006826/1e5a4/KOHwORDSPXg.jpg";"Очки<br/>Цена: 440 грн.<br/>Размеры: ширина 14.1 см., высота 5.5 см.<br/>Woman<br/>ОО10023<br/>Синий";"Очки";440;;" ширина 14.1 см., высота 5.5 см.";"Синий";"<h1>Очки</h1><br/>Woman<br/>ОО10023<br/>";""
"photo-13279251_344326423";"http://cs540103.vk.me/c7006/v7006826/1e5ac/bJ-jRuSw14g.jpg";"Очки<br/>Цена: 440 грн.<br/>Размеры: ширина 14.1 см., высота 5.5 см.<br/>Woman<br/>ОО10023<br/>Синий";"Очки";440;;" ширина 14.1 см., высота 5.5 см.";"Синий";"<h1>Очки</h1><br/>Woman<br/>ОО10023<br/>";""
"photo-13279251_344326424";"http://cs540103.vk.me/c7006/v7006826/1e5b4/2DtDOwMQWfg.jpg";"Очки<br/>Цена: 440 грн.<br/>Размеры: ширина 14.1 см., высота 5.5 см.<br/>Woman<br/>ОО10023<br/>Синий";"Очки";440;;" ширина 14.1 см., высота 5.5 см.";"Синий";"<h1>Очки</h1><br/>Woman<br/>ОО10023<br/>";""
"photo-13279251_344326425";"http://cs540103.vk.me/c7006/v7006826/1e5bc/KcjRZAn7d9o.jpg";"Очки<br/>Цена: 440 грн.<br/>Размеры: ширина 14.1 см., высота 5.5 см.<br/>Woman<br/>ОО10023<br/>Черный";"Очки";440;;" ширина 14.1 см., высота 5.5 см.";"Черный";"<h1>Очки</h1><br/>Woman<br/>ОО10023<br/>";""
"photo-13279251_344326426";"http://cs540103.vk.me/c7006/v7006826/1e5c4/ZchLSpDAsoE.jpg";"Очки<br/>Цена: 440 грн.<br/>Размеры: ширина 14.1 см., высота 5.5 см.<br/>Woman<br/>ОО10023<br/>Черный";"Очки";440;;" ширина 14.1 см., высота 5.5 см.";"Черный";"<h1>Очки</h1><br/>Woman<br/>ОО10023<br/>";""
"photo-13279251_344326427";"http://cs540103.vk.me/c7006/v7006826/1e5cc/2bWyoHzayDk.jpg";"Очки<br/>Цена: 440 грн.<br/>Размеры: ширина 14.1 см., высота 5.5 см.<br/>Woman<br/>ОО10023<br/>Красный";"Очки";440;;" ширина 14.1 см., высота 5.5 см.";"Красный";"<h1>Очки</h1><br/>Woman<br/>ОО10023<br/>";""
"photo-13279251_344326428";"http://cs540103.vk.me/c7006/v7006826/1e5d4/tZ29BgIKxac.jpg";"Очки<br/>Цена: 440 грн.<br/>Размеры: ширина 14.1 см., высота 5.5 см.<br/>Woman<br/>ОО10023<br/>Красный";"Очки";440;;" ширина 14.1 см., высота 5.5 см.";"Красный";"<h1>Очки</h1><br/>Woman<br/>ОО10023<br/>";""
"photo-13279251_344326429";"http://cs540103.vk.me/c7006/v7006826/1e5dc/amOo0Xbhq3M.jpg";"Очки<br/>Цена: 440 грн.<br/>Размеры: ширина 14.1 см., высота 5.5 см.<br/>Woman<br/>ОО10023<br/>Серебряный";"Очки";440;;" ширина 14.1 см., высота 5.5 см.";"Серебряный";"<h1>Очки</h1><br/>Woman<br/>ОО10023<br/>";""
"photo-13279251_344326430";"http://cs540103.vk.me/c7006/v7006826/1e5e4/e4l9-93eTtc.jpg";"Очки<br/>Цена: 440 грн.<br/>Размеры: ширина 14.1 см., высота 5.5 см.<br/>Woman<br/>ОО10023<br/>Серебряный";"Очки";440;;" ширина 14.1 см., высота 5.5 см.";"Серебряный";"<h1>Очки</h1><br/>Woman<br/>ОО10023<br/>";""
"photo-13279251_344326431";"http://cs540103.vk.me/c7006/v7006826/1e5ec/CdwXH7tVReg.jpg";"Очки<br/>Цена: 440 грн.<br/>Размеры: ширина 13.9 см., высота 5.7 см.<br/>Woman<br/>ОО10024<br/>Синий";"Очки";440;;" ширина 13.9 см., высота 5.7 см.";"Синий";"<h1>Очки</h1><br/>Woman<br/>ОО10024<br/>";""
"photo-13279251_344326432";"http://cs540103.vk.me/c7006/v7006826/1e5f4/stsL16kBGSM.jpg";"Очки<br/>Цена: 440 грн.<br/>Размеры: ширина 13.9 см., высота 5.7 см.<br/>Woman<br/>ОО10024<br/>Черный";"Очки";440;;" ширина 13.9 см., высота 5.7 см.";"Черный";"<h1>Очки</h1><br/>Woman<br/>ОО10024<br/>";""
"photo-13279251_344326434";"http://cs540103.vk.me/c7006/v7006826/1e5fc/BQ_zF-uO2jE.jpg";"Очки<br/>Цена: 440 грн.<br/>Размеры: ширина 13.9 см., высота 5.7 см.<br/>Woman<br/>ОО10024<br/>Черный";"Очки";440;;" ширина 13.9 см., высота 5.7 см.";"Черный";"<h1>Очки</h1><br/>Woman<br/>ОО10024<br/>";""
"photo-13279251_344326435";"http://cs540103.vk.me/c7006/v7006826/1e604/axhAOXFJvm8.jpg";"Очки<br/>Цена: 440 грн.<br/>Размеры: ширина 13.9 см., высота 5.7 см.<br/>Woman<br/>ОО10024<br/>Черный";"Очки";440;;" ширина 13.9 см., высота 5.7 см.";"Черный";"<h1>Очки</h1><br/>Woman<br/>ОО10024<br/>";""
"photo-13279251_344326436";"http://cs540103.vk.me/c7006/v7006826/1e60c/ZukTNe-VF1Q.jpg";"Очки<br/>Цена: 440 грн.<br/>Размеры: ширина 13.9 см., высота 5.7 см.<br/>Woman<br/>ОО10024<br/>Коричневый";"Очки";440;;" ширина 13.9 см., высота 5.7 см.";"Коричневый";"<h1>Очки</h1><br/>Woman<br/>ОО10024<br/>";""
"photo-13279251_344326442";"http://cs540103.vk.me/c7006/v7006826/1e614/9yrE6WLeKpM.jpg";"Очки<br/>Цена: 440 грн.<br/>Размеры: ширина 13.9 см., высота 5.7 см.<br/>Woman<br/>ОО10024<br/>Коричневый";"Очки";440;;" ширина 13.9 см., высота 5.7 см.";"Коричневый";"<h1>Очки</h1><br/>Woman<br/>ОО10024<br/>";""
"photo-13279251_344326449";"http://cs540103.vk.me/c7006/v7006826/1e61c/EkbC5wC3PF8.jpg";"Очки<br/>Цена: 440 грн.<br/>Размеры: ширина 13.9 см., высота 5.7 см.<br/>Woman<br/>ОО10024<br/>Светло-розовый";"Очки";440;;" ширина 13.9 см., высота 5.7 см.";"Светло-розовый";"<h1>Очки</h1><br/>Woman<br/>ОО10024<br/>";""
"photo-13279251_344326450";"http://cs540103.vk.me/c7006/v7006826/1e624/Lomi6Zau1tk.jpg";"Очки<br/>Цена: 440 грн.<br/>Размеры: ширина 13.9 см., высота 5.7 см.<br/>Woman<br/>ОО10024<br/>Светло-розовый";"Очки";440;;" ширина 13.9 см., высота 5.7 см.";"Светло-розовый";"<h1>Очки</h1><br/>Woman<br/>ОО10024<br/>";""
"photo-13279251_344326451";"http://cs540103.vk.me/c7006/v7006826/1e62c/ZsrKc_UJqqo.jpg";"Очки<br/>Цена: 440 грн.<br/>Размеры: ширина 13.9 см., высота 5.7 см.<br/>Woman<br/>ОО10024<br/>Светло-розовый";"Очки";440;;" ширина 13.9 см., высота 5.7 см.";"Светло-розовый";"<h1>Очки</h1><br/>Woman<br/>ОО10024<br/>";""
"photo-13279251_344326453";"http://cs540103.vk.me/c7006/v7006826/1e634/N1Mpa3i4hI4.jpg";"Очки<br/>Цена: 440 грн.<br/>Размеры: ширина 13.9 см., высота 5.7 см.<br/>Woman<br/>ОО10024<br/>Синий";"Очки";440;;" ширина 13.9 см., высота 5.7 см.";"Синий";"<h1>Очки</h1><br/>Woman<br/>ОО10024<br/>";""
"photo-13279251_344326455";"http://cs540103.vk.me/c7006/v7006826/1e63c/ylqrVMQWJiQ.jpg";"Очки<br/>Цена: 440 грн.<br/>Размеры: ширина 13.9 см., высота 5.7 см.<br/>Woman<br/>ОО10024<br/>Синий";"Очки";440;;" ширина 13.9 см., высота 5.7 см.";"Синий";"<h1>Очки</h1><br/>Woman<br/>ОО10024<br/>";""
"photo-13279251_344326456";"http://cs540103.vk.me/c7006/v7006826/1e644/2xPwdX4K_6M.jpg";"Очки<br/>Цена: 440 грн.<br/>Размеры: ширина 13.9 см., высота 5.7 см.<br/>Woman<br/>ОО10024<br/>Серебряный";"Очки";440;;" ширина 13.9 см., высота 5.7 см.";"Серебряный";"<h1>Очки</h1><br/>Woman<br/>ОО10024<br/>";""
"photo-13279251_344326458";"http://cs540103.vk.me/c7006/v7006826/1e64c/O5V9RB3pOEQ.jpg";"Очки<br/>Цена: 440 грн.<br/>Размеры: ширина 13.9 см., высота 5.7 см.<br/>Woman<br/>ОО10024<br/>Серебряный";"Очки";440;;" ширина 13.9 см., высота 5.7 см.";"Серебряный";"<h1>Очки</h1><br/>Woman<br/>ОО10024<br/>";""
"photo-13279251_344326475";"http://cs540103.vk.me/c7006/v7006826/1e684/2h57xpxG614.jpg";"Очки Versace<br/>Цена: 399 грн.<br/>Размеры: ширина 14.5 см., высота 5.5 см.<br/>Woman<br/>ОО10025<br/>Черный";"Очки Versace";399;;" ширина 14.5 см., высота 5.5 см.";"Черный";"<h1>Очки Versace</h1><br/>Woman<br/>ОО10025<br/>";""
"photo-13279251_344326477";"http://cs540103.vk.me/c7006/v7006826/1e68c/1w4DQXjyfDI.jpg";"Очки Versace<br/>Цена: 399 грн.<br/>Размеры: ширина 14.5 см., высота 5.5 см.<br/>Woman<br/>ОО10025<br/>Черный";"Очки Versace";399;;" ширина 14.5 см., высота 5.5 см.";"Черный";"<h1>Очки Versace</h1><br/>Woman<br/>ОО10025<br/>";""
"photo-13279251_344326478";"http://cs540103.vk.me/c7006/v7006826/1e694/qVzyUqguNLw.jpg";"Очки Versace<br/>Цена: 399 грн.<br/>Размеры: ширина 14.5 см., высота 5.5 см.<br/>Woman<br/>ОО10025<br/>Черный";"Очки Versace";399;;" ширина 14.5 см., высота 5.5 см.";"Черный";"<h1>Очки Versace</h1><br/>Woman<br/>ОО10025<br/>";""
"photo-13279251_344326479";"http://cs540103.vk.me/c7006/v7006826/1e69c/nZdu-TeVjBw.jpg";"Очки Versace<br/>Цена: 399 грн.<br/>Размеры: ширина 14.5 см., высота 5.5 см.<br/>Woman<br/>ОО10025<br/>Черный";"Очки Versace";399;;" ширина 14.5 см., высота 5.5 см.";"Черный";"<h1>Очки Versace</h1><br/>Woman<br/>ОО10025<br/>";""
"photo-13279251_344326480";"http://cs540103.vk.me/c7006/v7006826/1e6a4/7915OjdyWNI.jpg";"Очки Versace<br/>Цена: 399 грн.<br/>Размеры: ширина 14.5 см., высота 5.5 см.<br/>Woman<br/>ОО10025<br/>Черный";"Очки Versace";399;;" ширина 14.5 см., высота 5.5 см.";"Черный";"<h1>Очки Versace</h1><br/>Woman<br/>ОО10025<br/>";""
"photo-13279251_344326481";"http://cs540103.vk.me/c7006/v7006826/1e6ac/PYdJH-_KjaA.jpg";"Очки Versace<br/>Цена: 399 грн.<br/>Размеры: ширина 14.5 см., высота 5.5 см.<br/>Woman<br/>ОО10025<br/>Коричневый";"Очки Versace";399;;" ширина 14.5 см., высота 5.5 см.";"Коричневый";"<h1>Очки Versace</h1><br/>Woman<br/>ОО10025<br/>";""
"photo-13279251_344326482";"http://cs540103.vk.me/c7006/v7006826/1e6b4/hq4tPKfBPA8.jpg";"Очки Versace<br/>Цена: 399 грн.<br/>Размеры: ширина 14.5 см., высота 5.5 см.<br/>Woman<br/>ОО10025";"Очки Versace";399;;" ширина 14.5 см., высота 5.5 см.";"ОО10025";"<h1>Очки Versace</h1><br/>Woman<br/>";""
"photo-13279251_344326495";"http://cs540103.vk.me/c7006/v7006826/1e6bc/0V-s0nmJUDU.jpg";"Очки <br/>Цена: 380 грн.<br/>Размеры: ширина 14.5 см., высота 5.7 см.<br/>Woman<br/>ОО10026<br/>Синий";"Очки ";380;;" ширина 14.5 см., высота 5.7 см.";"Синий";"<h1>Очки </h1><br/>Woman<br/>ОО10026<br/>";""
"photo-13279251_344326496";"http://cs540103.vk.me/c7006/v7006826/1e6c4/UHLevc32_NY.jpg";"Очки <br/>Цена: 380 грн.<br/>Размеры: ширина 14.5 см., высота 5.7 см.<br/>Woman<br/>ОО10026<br/>Синий";"Очки ";380;;" ширина 14.5 см., высота 5.7 см.";"Синий";"<h1>Очки </h1><br/>Woman<br/>ОО10026<br/>";""
"photo-13279251_344326499";"http://cs540103.vk.me/c7006/v7006826/1e6cc/WL60fwze0wY.jpg";"Очки <br/>Цена: 380 грн.<br/>Размеры: ширина 14.5 см., высота 5.7 см.<br/>Woman<br/>ОО10026<br/>Синий";"Очки ";380;;" ширина 14.5 см., высота 5.7 см.";"Синий";"<h1>Очки </h1><br/>Woman<br/>ОО10026<br/>";""
"photo-13279251_344326500";"http://cs540103.vk.me/c7006/v7006826/1e6d4/C2iEHRu4snw.jpg";"Очки <br/>Цена: 380 грн.<br/>Размеры: ширина 14.5 см., высота 5.7 см.<br/>Woman<br/>ОО10026<br/>Черный+Розовый";"Очки ";380;;" ширина 14.5 см., высота 5.7 см.";"Черный+Розовый";"<h1>Очки </h1><br/>Woman<br/>ОО10026<br/>";""
"photo-13279251_344326501";"http://cs540103.vk.me/c7006/v7006826/1e6dc/GWzuOq1rjlk.jpg";"Очки <br/>Цена: 380 грн.<br/>Размеры: ширина 14.5 см., высота 5.7 см.<br/>Woman<br/>ОО10026<br/>Леопардовый";"Очки ";380;;" ширина 14.5 см., высота 5.7 см.";"Леопардовый";"<h1>Очки </h1><br/>Woman<br/>ОО10026<br/>";""
"photo-13279251_344326502";"http://cs540103.vk.me/c7006/v7006826/1e6e4/Ed5sgBpKJmw.jpg";"Очки <br/>Цена: 380 грн.<br/>Размеры: ширина 14.5 см., высота 5.7 см.<br/>Woman<br/>ОО10026<br/>Черный+Розовый";"Очки ";380;;" ширина 14.5 см., высота 5.7 см.";"Черный+Розовый";"<h1>Очки </h1><br/>Woman<br/>ОО10026<br/>";""
"photo-13279251_344326504";"http://cs540103.vk.me/c7006/v7006826/1e6ec/e87-nrNWRJE.jpg";"Очки <br/>Цена: 380 грн.<br/>Размеры: ширина 14.5 см., высота 5.7 см.<br/>Woman<br/>ОО10026<br/>Черный+Серебряный";"Очки ";380;;" ширина 14.5 см., высота 5.7 см.";"Черный+Серебряный";"<h1>Очки </h1><br/>Woman<br/>ОО10026<br/>";""
"photo-13279251_344326506";"http://cs540103.vk.me/c7006/v7006826/1e6fc/JVnYVjCgSME.jpg";"Очки <br/>Цена: 380 грн.<br/>Размеры: ширина 14.5 см., высота 5.7 см.<br/>Woman<br/>ОО10026<br/>Черный+Серебряный";"Очки ";380;;" ширина 14.5 см., высота 5.7 см.";"Черный+Серебряный";"<h1>Очки </h1><br/>Woman<br/>ОО10026<br/>";""
"photo-13279251_344326507";"http://cs540103.vk.me/c7006/v7006826/1e704/YHCpEcD_1QA.jpg";"Очки <br/>Цена: 380 грн.<br/>Размеры: ширина 14.5 см., высота 5.7 см.<br/>Woman<br/>ОО10026<br/>Черный+Розовый";"Очки ";380;;" ширина 14.5 см., высота 5.7 см.";"Черный+Розовый";"<h1>Очки </h1><br/>Woman<br/>ОО10026<br/>";""
"photo-13279251_344326508";"http://cs540103.vk.me/c7006/v7006826/1e70c/F4IpzF9qagE.jpg";"Очки <br/>Цена: 380 грн.<br/>Размеры: ширина 14.5 см., высота 5.7 см.<br/>Woman<br/>ОО10026<br/>Черный глянцевый";"Очки ";380;;" ширина 14.5 см., высота 5.7 см.";"Черный глянцевый";"<h1>Очки </h1><br/>Woman<br/>ОО10026<br/>";""
"photo-13279251_344326510";"http://cs540103.vk.me/c7006/v7006826/1e715/vd6SzqD9yfk.jpg";"Очки <br/>Цена: 380 грн.<br/>Размеры: ширина 14.5 см., высота 5.7 см.<br/>Woman<br/>ОО10026<br/>Черный+Розовый";"Очки ";380;;" ширина 14.5 см., высота 5.7 см.";"Черный+Розовый";"<h1>Очки </h1><br/>Woman<br/>ОО10026<br/>";""
"photo-13279251_344326511";"http://cs540103.vk.me/c7006/v7006826/1e71d/Rapu8QC8TYA.jpg";"Очки <br/>Цена: 380 грн.<br/>Размеры: ширина 14.5 см., высота 5.7 см.<br/>Woman<br/>ОО10026<br/>Черный+Серебряный";"Очки ";380;;" ширина 14.5 см., высота 5.7 см.";"Черный+Серебряный";"<h1>Очки </h1><br/>Woman<br/>ОО10026<br/>";""
"photo-13279251_344326512";"http://cs540103.vk.me/c7006/v7006826/1e725/1_ybD_-KI1I.jpg";"Очки <br/>Цена: 380 грн.<br/>Размеры: ширина 14.5 см., высота 5.7 см.<br/>Woman<br/>ОО10026<br/>Черный матовый";"Очки ";380;;" ширина 14.5 см., высота 5.7 см.";"Черный матовый";"<h1>Очки </h1><br/>Woman<br/>ОО10026<br/>";""
"photo-13279251_344326513";"http://cs540103.vk.me/c7006/v7006826/1e735/sXe57ZWZ22o.jpg";"Очки <br/>Цена: 380 грн.<br/>Размеры: ширина 14.5 см., высота 5.7 см.<br/>Woman<br/>ОО10026";"Очки ";380;;" ширина 14.5 см., высота 5.7 см.";"ОО10026";"<h1>Очки </h1><br/>Woman<br/>";""
"photo-13279251_344326514";"http://cs540103.vk.me/c7006/v7006826/1e73d/gVIOKDHPKhM.jpg";"Очки <br/>Цена: 380 грн.<br/>Размеры: ширина 14.5 см., высота 5.7 см.<br/>Woman<br/>ОО10026<br/>Коричневый";"Очки ";380;;" ширина 14.5 см., высота 5.7 см.";"Коричневый";"<h1>Очки </h1><br/>Woman<br/>ОО10026<br/>";""
"photo-13279251_344326515";"http://cs540103.vk.me/c7006/v7006826/1e745/i6uR56G2brg.jpg";"Очки <br/>Цена: 380 грн.<br/>Размеры: ширина 14.5 см., высота 5.7 см.<br/>Woman<br/>ОО10026<br/>Черный глянцевый";"Очки ";380;;" ширина 14.5 см., высота 5.7 см.";"Черный глянцевый";"<h1>Очки </h1><br/>Woman<br/>ОО10026<br/>";""
"photo-13279251_344326516";"http://cs540103.vk.me/c7006/v7006826/1e74d/eIAfTP3BWik.jpg";"Очки <br/>Цена: 380 грн.<br/>Размеры: ширина 14.5 см., высота 5.7 см.<br/>Woman<br/>ОО10026<br/>Черный глянцевый";"Очки ";380;;" ширина 14.5 см., высота 5.7 см.";"Черный глянцевый";"<h1>Очки </h1><br/>Woman<br/>ОО10026<br/>";""
"photo-13279251_359015820";"http://cs540103.vk.me/c540101/v540101826/49f47/6Bs5nwA8G2c.jpg";"Очки <br/>Цена: 380 грн.<br/>Размеры: ширина 14.4 см., высота 4.3 см.<br/>Woman<br/>ОО10027";"Очки ";380;;" ширина 14.4 см., высота 4.3 см.";"ОО10027";"<h1>Очки </h1><br/>Woman<br/>";""
"photo-13279251_359015821";"http://cs540103.vk.me/c540101/v540101826/49f4e/TigVndSQs9M.jpg";"Очки <br/>Цена: 380 грн.<br/>Размеры: ширина 14.4 см., высота 4.3 см.<br/>Woman<br/>ОО10027";"Очки ";380;;" ширина 14.4 см., высота 4.3 см.";"ОО10027";"<h1>Очки </h1><br/>Woman<br/>";""
"photo-13279251_359015824";"http://cs540103.vk.me/c540101/v540101826/49f55/QacQw-Tgdaw.jpg";"Очки <br/>Цена: 380 грн.<br/>Размеры: ширина 14.4 см., высота 4.3 см.<br/>Woman<br/>ОО10027";"Очки ";380;;" ширина 14.4 см., высота 4.3 см.";"ОО10027";"<h1>Очки </h1><br/>Woman<br/>";""
"photo-13279251_359015825";"http://cs540103.vk.me/c540101/v540101826/49f5c/dt97AszyKyk.jpg";"Очки <br/>Цена: 380 грн.<br/>Размеры: ширина 14.4 см., высота 4.3 см.<br/>Woman<br/>ОО10027";"Очки ";380;;" ширина 14.4 см., высота 4.3 см.";"ОО10027";"<h1>Очки </h1><br/>Woman<br/>";""
"photo-13279251_359015826";"http://cs540103.vk.me/c540101/v540101826/49f63/p7oafxuv3_s.jpg";"Очки <br/>Цена: 380 грн.<br/>Размеры: ширина 14.4 см., высота 4.3 см.<br/>Woman<br/>ОО10027<br/>Красный+Черный";"Очки ";380;;" ширина 14.4 см., высота 4.3 см.";"Красный+Черный";"<h1>Очки </h1><br/>Woman<br/>ОО10027<br/>";""
"photo-13279251_359015828";"http://cs540103.vk.me/c540101/v540101826/49f6a/T8cEobXGAAU.jpg";"Очки <br/>Цена: 380 грн.<br/>Размеры: ширина 14.4 см., высота 4.3 см.<br/>Woman<br/>ОО10027<br/>Красный+Черный";"Очки ";380;;" ширина 14.4 см., высота 4.3 см.";"Красный+Черный";"<h1>Очки </h1><br/>Woman<br/>ОО10027<br/>";""
"photo-13279251_359015830";"http://cs540103.vk.me/c540101/v540101826/49f71/6W9pnTZ6mqY.jpg";"Очки <br/>Цена: 380 грн.<br/>Размеры: ширина 14.4 см., высота 4.3 см.<br/>Woman<br/>ОО10027<br/>Красный+Черный";"Очки ";380;;" ширина 14.4 см., высота 4.3 см.";"Красный+Черный";"<h1>Очки </h1><br/>Woman<br/>ОО10027<br/>";""
"photo-13279251_359015832";"http://cs540103.vk.me/c540101/v540101826/49f78/11SYlMPY4vU.jpg";"Очки <br/>Цена: 380 грн.<br/>Размеры: ширина 14.4 см., высота 4.3 см.<br/>Woman<br/>ОО10027<br/>Синий+Черный";"Очки ";380;;" ширина 14.4 см., высота 4.3 см.";"Синий+Черный";"<h1>Очки </h1><br/>Woman<br/>ОО10027<br/>";""
"photo-13279251_359015834";"http://cs540103.vk.me/c540101/v540101826/49f7f/ke82x_xEUu0.jpg";"Очки <br/>Цена: 380 грн.<br/>Размеры: ширина 14.4 см., высота 4.3 см.<br/>Woman<br/>ОО10027<br/>Синий+Черный";"Очки ";380;;" ширина 14.4 см., высота 4.3 см.";"Синий+Черный";"<h1>Очки </h1><br/>Woman<br/>ОО10027<br/>";""
"photo-13279251_359015836";"http://cs540103.vk.me/c540101/v540101826/49f86/NMDj3QJnD5k.jpg";"Очки <br/>Цена: 380 грн.<br/>Размеры: ширина 14.4 см., высота 4.3 см.<br/>Woman<br/>ОО10027<br/>Синий+Черный";"Очки ";380;;" ширина 14.4 см., высота 4.3 см.";"Синий+Черный";"<h1>Очки </h1><br/>Woman<br/>ОО10027<br/>";""
"photo-13279251_359015837";"http://cs540103.vk.me/c540101/v540101826/49f8d/-ifrXiFI9Uw.jpg";"Очки <br/>Цена: 380 грн.<br/>Размеры: ширина 14.4 см., высота 4.3 см.<br/>Woman<br/>ОО10027<br/>Синий+Белый";"Очки ";380;;" ширина 14.4 см., высота 4.3 см.";"Синий+Белый";"<h1>Очки </h1><br/>Woman<br/>ОО10027<br/>";""
"photo-13279251_359015839";"http://cs540103.vk.me/c540101/v540101826/49f94/DeFSn3X_S-A.jpg";"Очки <br/>Цена: 380 грн.<br/>Размеры: ширина 14.4 см., высота 4.3 см.<br/>Woman<br/>ОО10027<br/>Синий+Белый";"Очки ";380;;" ширина 14.4 см., высота 4.3 см.";"Синий+Белый";"<h1>Очки </h1><br/>Woman<br/>ОО10027<br/>";""
"photo-13279251_359015840";"http://cs540103.vk.me/c540101/v540101826/49f9b/oaOZ5TW1Y9A.jpg";"Очки <br/>Цена: 380 грн.<br/>Размеры: ширина 14.4 см., высота 4.3 см.<br/>Woman<br/>ОО10027<br/>Синий+Белый";"Очки ";380;;" ширина 14.4 см., высота 4.3 см.";"Синий+Белый";"<h1>Очки </h1><br/>Woman<br/>ОО10027<br/>";""
"photo-13279251_359015843";"http://cs540103.vk.me/c540101/v540101826/49fa2/4sld9AmK7Hg.jpg";"Очки <br/>Цена: 380 грн.<br/>Размеры: ширина 14.4 см., высота 4.3 см.<br/>Woman<br/>ОО10027<br/>Серебряный+Черный";"Очки ";380;;" ширина 14.4 см., высота 4.3 см.";"Серебряный+Черный";"<h1>Очки </h1><br/>Woman<br/>ОО10027<br/>";""
"photo-13279251_359015844";"http://cs540103.vk.me/c540101/v540101826/49fa9/T8VT_6q927M.jpg";"Очки <br/>Цена: 380 грн.<br/>Размеры: ширина 14.4 см., высота 4.3 см.<br/>Woman<br/>ОО10027<br/>Серебряный+Черный";"Очки ";380;;" ширина 14.4 см., высота 4.3 см.";"Серебряный+Черный";"<h1>Очки </h1><br/>Woman<br/>ОО10027<br/>";""
"photo-13279251_359015845";"http://cs540103.vk.me/c540101/v540101826/49fb0/F7lnlkAUSuM.jpg";"Очки <br/>Цена: 380 грн.<br/>Размеры: ширина 14.4 см., высота 4.3 см.<br/>Woman<br/>ОО10027<br/>Серебряный+Черный";"Очки ";380;;" ширина 14.4 см., высота 4.3 см.";"Серебряный+Черный";"<h1>Очки </h1><br/>Woman<br/>ОО10027<br/>";""
"photo-13279251_359015846";"http://cs540103.vk.me/c540101/v540101826/49fb7/HmZDVZdE_II.jpg";"Очки <br/>Цена: 380 грн.<br/>Размеры: ширина 14.4 см., высота 4.3 см.<br/>Woman<br/>ОО10027<br/>Зеленый+Черный";"Очки ";380;;" ширина 14.4 см., высота 4.3 см.";"Зеленый+Черный";"<h1>Очки </h1><br/>Woman<br/>ОО10027<br/>";""
"photo-13279251_359015847";"http://cs540103.vk.me/c540101/v540101826/49fbe/JaFqWzNP-VY.jpg";"Очки <br/>Цена: 380 грн.<br/>Размеры: ширина 14.4 см., высота 4.3 см.<br/>Woman<br/>ОО10027<br/>Зеленый+Черный";"Очки ";380;;" ширина 14.4 см., высота 4.3 см.";"Зеленый+Черный";"<h1>Очки </h1><br/>Woman<br/>ОО10027<br/>";""
"photo-13279251_359015851";"http://cs540103.vk.me/c540101/v540101826/49fc5/4lUR1FafhpM.jpg";"Очки <br/>Цена: 380 грн.<br/>Размеры: ширина 14.4 см., высота 4.3 см.<br/>Woman<br/>ОО10027<br/>Зеленый+Черный";"Очки ";380;;" ширина 14.4 см., высота 4.3 см.";"Зеленый+Черный";"<h1>Очки </h1><br/>Woman<br/>ОО10027<br/>";""
"photo-13279251_359016314";"http://cs540103.vk.me/c540101/v540101826/49fcc/0wvIorp5bgU.jpg";"Очки <br/>Цена: 340 грн.<br/>Woman<br/>ОО10028<br/>Белый";"Очки ";340;;;"Белый";"<h1>Очки </h1><br/>Woman<br/>ОО10028<br/>";""
"photo-13279251_359016317";"http://cs540103.vk.me/c540101/v540101826/49fd5/_07ofAIiip4.jpg";"Очки <br/>Цена: 340 грн.<br/>Woman<br/>ОО10028";"Очки ";340;;;"ОО10028";"<h1>Очки </h1><br/>Woman<br/>";""
"photo-13279251_359016319";"http://cs540103.vk.me/c540101/v540101826/49fde/cyGTkcHOQV8.jpg";"Очки <br/>Цена: 340 грн.<br/>Woman<br/>ОО10028<br/>Серебряный";"Очки ";340;;;"Серебряный";"<h1>Очки </h1><br/>Woman<br/>ОО10028<br/>";""
"photo-13279251_359016323";"http://cs540103.vk.me/c540101/v540101826/49fe7/PJJdcPhZ-Ps.jpg";"Очки <br/>Цена: 340 грн.<br/>Woman<br/>ОО10028<br/>Серебряный";"Очки ";340;;;"Серебряный";"<h1>Очки </h1><br/>Woman<br/>ОО10028<br/>";""
"photo-13279251_359016325";"http://cs540103.vk.me/c540101/v540101826/49ff0/X7eNNJmo-5o.jpg";"Очки <br/>Цена: 340 грн.<br/>Woman<br/>ОО10028<br/>Розовый";"Очки ";340;;;"Розовый";"<h1>Очки </h1><br/>Woman<br/>ОО10028<br/>";""
"photo-13279251_359016329";"http://cs540103.vk.me/c540101/v540101826/49ff9/Tw00bYjTyxc.jpg";"Очки <br/>Цена: 340 грн.<br/>Woman<br/>ОО10028<br/>Розовый";"Очки ";340;;;"Розовый";"<h1>Очки </h1><br/>Woman<br/>ОО10028<br/>";""
"photo-13279251_359016332";"http://cs540103.vk.me/c540101/v540101826/4a002/1b8NnC-EFPY.jpg";"Очки <br/>Цена: 340 грн.<br/>Woman<br/>ОО10028<br/>Черный";"Очки ";340;;;"Черный";"<h1>Очки </h1><br/>Woman<br/>ОО10028<br/>";""
"photo-13279251_359016334";"http://cs540103.vk.me/c540101/v540101826/4a00b/7azmiwYKpNI.jpg";"Очки <br/>Цена: 340 грн.<br/>Woman<br/>ОО10028<br/>Коричневый";"Очки ";340;;;"Коричневый";"<h1>Очки </h1><br/>Woman<br/>ОО10028<br/>";""
"photo-13279251_359016337";"http://cs540103.vk.me/c540101/v540101826/4a014/OVsw-VtdS38.jpg";"Очки <br/>Цена: 340 грн.<br/>Woman<br/>ОО10028<br/>Синий";"Очки ";340;;;"Синий";"<h1>Очки </h1><br/>Woman<br/>ОО10028<br/>";""
"photo-13279251_359016339";"http://cs540103.vk.me/c540101/v540101826/4a01d/A-Yj3HT01EY.jpg";"Очки <br/>Цена: 340 грн.<br/>Woman<br/>ОО10028<br/>Синий";"Очки ";340;;;"Синий";"<h1>Очки </h1><br/>Woman<br/>ОО10028<br/>";""
"photo-13279251_359016342";"http://cs540103.vk.me/c540101/v540101826/4a026/FmHqD2yx2aE.jpg";"Очки <br/>Цена: 340 грн.<br/>Woman<br/>ОО10028<br/>Фиолетовый";"Очки ";340;;;"Фиолетовый";"<h1>Очки </h1><br/>Woman<br/>ОО10028<br/>";""
"photo-13279251_359017007";"http://cs540103.vk.me/c540101/v540101826/4a092/eDZeM0c074o.jpg";"Очки <br/>Цена: 340 грн.<br/>Размеры: ширина 15,2 см., высота 5,4 см.<br/>Woman<br/>ОО10029<br/>Розовый";"Очки ";340;;" ширина 15,2 см., высота 5,4 см.";"Розовый";"<h1>Очки </h1><br/>Woman<br/>ОО10029<br/>";""
"photo-13279251_359017009";"http://cs540103.vk.me/c540101/v540101826/4a09a/7FDLCV1uADE.jpg";"Очки <br/>Цена: 340 грн.<br/>Размеры: ширина 15,2 см., высота 5,4 см.<br/>Woman<br/>ОО10029<br/>Черный";"Очки ";340;;" ширина 15,2 см., высота 5,4 см.";"Черный";"<h1>Очки </h1><br/>Woman<br/>ОО10029<br/>";""
"photo-13279251_359017011";"http://cs540103.vk.me/c540101/v540101826/4a0a1/IfI_OrZ2QTM.jpg";"Очки <br/>Цена: 340 грн.<br/>Размеры: ширина 15,2 см., высота 5,4 см.<br/>Woman<br/>ОО10029";"Очки ";340;;" ширина 15,2 см., высота 5,4 см.";"ОО10029";"<h1>Очки </h1><br/>Woman<br/>";""
"photo-13279251_359017013";"http://cs540103.vk.me/c540101/v540101826/4a0a8/1SjHktR7KAM.jpg";"Очки <br/>Цена: 340 грн.<br/>Размеры: ширина 15,2 см., высота 5,4 см.<br/>Woman<br/>ОО10029";"Очки ";340;;" ширина 15,2 см., высота 5,4 см.";"ОО10029";"<h1>Очки </h1><br/>Woman<br/>";""
"photo-13279251_359017014";"http://cs540103.vk.me/c540101/v540101826/4a0af/jnUfN2vx-TQ.jpg";"Очки <br/>Цена: 340 грн.<br/>Размеры: ширина 15,2 см., высота 5,4 см.<br/>Woman<br/>ОО10029<br/>Черный";"Очки ";340;;" ширина 15,2 см., высота 5,4 см.";"Черный";"<h1>Очки </h1><br/>Woman<br/>ОО10029<br/>";""
"photo-13279251_359017015";"http://cs540103.vk.me/c540101/v540101826/4a0b6/Vw97QI4lKyQ.jpg";"Очки <br/>Цена: 340 грн.<br/>Размеры: ширина 15,2 см., высота 5,4 см.<br/>Woman<br/>ОО10029<br/>Черный";"Очки ";340;;" ширина 15,2 см., высота 5,4 см.";"Черный";"<h1>Очки </h1><br/>Woman<br/>ОО10029<br/>";""
"photo-13279251_359017017";"http://cs540103.vk.me/c540101/v540101826/4a0bd/4LdK3AkDHp0.jpg";"Очки <br/>Цена: 340 грн.<br/>Размеры: ширина 15,2 см., высота 5,4 см.<br/>Woman<br/>ОО10029<br/>Черный";"Очки ";340;;" ширина 15,2 см., высота 5,4 см.";"Черный";"<h1>Очки </h1><br/>Woman<br/>ОО10029<br/>";""
"photo-13279251_359017018";"http://cs540103.vk.me/c540101/v540101826/4a0c4/VHc2JP2heK4.jpg";"Очки <br/>Цена: 340 грн.<br/>Размеры: ширина 15,2 см., высота 5,4 см.<br/>Woman<br/>ОО10029<br/>Черный";"Очки ";340;;" ширина 15,2 см., высота 5,4 см.";"Черный";"<h1>Очки </h1><br/>Woman<br/>ОО10029<br/>";""
"photo-13279251_359017019";"http://cs540103.vk.me/c540101/v540101826/4a0cb/q4tuUVY1S-E.jpg";"Очки <br/>Цена: 340 грн.<br/>Размеры: ширина 15,2 см., высота 5,4 см.<br/>Woman<br/>ОО10029<br/>Розовый";"Очки ";340;;" ширина 15,2 см., высота 5,4 см.";"Розовый";"<h1>Очки </h1><br/>Woman<br/>ОО10029<br/>";""
"photo-13279251_359017020";"http://cs540103.vk.me/c540101/v540101826/4a0d2/4JtP3-5kSkc.jpg";"Очки <br/>Цена: 340 грн.<br/>Размеры: ширина 15,2 см., высота 5,4 см.<br/>Woman<br/>ОО10029<br/>Розовый";"Очки ";340;;" ширина 15,2 см., высота 5,4 см.";"Розовый";"<h1>Очки </h1><br/>Woman<br/>ОО10029<br/>";""
"photo-13279251_359017021";"http://cs540103.vk.me/c540101/v540101826/4a0d9/ZyOPZHW8HjI.jpg";"Очки <br/>Цена: 340 грн.<br/>Размеры: ширина 15,2 см., высота 5,4 см.<br/>Woman<br/>ОО10029<br/>Леопардовый";"Очки ";340;;" ширина 15,2 см., высота 5,4 см.";"Леопардовый";"<h1>Очки </h1><br/>Woman<br/>ОО10029<br/>";""
"photo-13279251_359017022";"http://cs540103.vk.me/c540101/v540101826/4a0e0/EzW3c9mxKlI.jpg";"Очки <br/>Цена: 340 грн.<br/>Размеры: ширина 15,2 см., высота 5,4 см.<br/>Woman<br/>ОО10029<br/>Леопардовый";"Очки ";340;;" ширина 15,2 см., высота 5,4 см.";"Леопардовый";"<h1>Очки </h1><br/>Woman<br/>ОО10029<br/>";""
"photo-13279251_359017023";"http://cs540103.vk.me/c540101/v540101826/4a0e7/3bPiY9W8IoM.jpg";"Очки <br/>Цена: 340 грн.<br/>Размеры: ширина 15,2 см., высота 5,4 см.<br/>Woman<br/>ОО10029<br/>Красный";"Очки ";340;;" ширина 15,2 см., высота 5,4 см.";"Красный";"<h1>Очки </h1><br/>Woman<br/>ОО10029<br/>";""
"photo-13279251_359017025";"http://cs540103.vk.me/c540101/v540101826/4a0ee/Lt8ZYFDaYvU.jpg";"Очки <br/>Цена: 340 грн.<br/>Размеры: ширина 15,2 см., высота 5,4 см.<br/>Woman<br/>ОО10029<br/>Красный";"Очки ";340;;" ширина 15,2 см., высота 5,4 см.";"Красный";"<h1>Очки </h1><br/>Woman<br/>ОО10029<br/>";""
"photo-13279251_359017026";"http://cs540103.vk.me/c540101/v540101826/4a0f5/rswiEEJ5UmU.jpg";"Очки <br/>Цена: 340 грн.<br/>Размеры: ширина 15,2 см., высота 5,4 см.<br/>Woman<br/>ОО10029<br/>Белый";"Очки ";340;;" ширина 15,2 см., высота 5,4 см.";"Белый";"<h1>Очки </h1><br/>Woman<br/>ОО10029<br/>";""
"photo-13279251_359017027";"http://cs540103.vk.me/c540101/v540101826/4a0fc/M37IcjZ-EYs.jpg";"Очки <br/>Цена: 340 грн.<br/>Размеры: ширина 15,2 см., высота 5,4 см.<br/>Woman<br/>ОО10029<br/>Белый";"Очки ";340;;" ширина 15,2 см., высота 5,4 см.";"Белый";"<h1>Очки </h1><br/>Woman<br/>ОО10029<br/>";""
"photo-13279251_359017028";"http://cs540103.vk.me/c540101/v540101826/4a103/ihh2dV6r5Qc.jpg";"Очки <br/>Цена: 340 грн.<br/>Размеры: ширина 15,2 см., высота 5,4 см.<br/>Woman<br/>ОО10029<br/>Коричневый";"Очки ";340;;" ширина 15,2 см., высота 5,4 см.";"Коричневый";"<h1>Очки </h1><br/>Woman<br/>ОО10029<br/>";""
"photo-13279251_359017029";"http://cs540103.vk.me/c540101/v540101826/4a10a/fKj_T5dJttE.jpg";"Очки <br/>Цена: 340 грн.<br/>Размеры: ширина 15,2 см., высота 5,4 см.<br/>Woman<br/>ОО10029<br/>Коричневый";"Очки ";340;;" ширина 15,2 см., высота 5,4 см.";"Коричневый";"<h1>Очки </h1><br/>Woman<br/>ОО10029<br/>";""
"photo-13279251_359017031";"http://cs540103.vk.me/c540101/v540101826/4a111/viq79KfU6ww.jpg";"Очки <br/>Цена: 340 грн.<br/>Размеры: ширина 15,2 см., высота 5,4 см.<br/>Woman<br/>ОО10029<br/>Ярко-розовый";"Очки ";340;;" ширина 15,2 см., высота 5,4 см.";"Ярко-розовый";"<h1>Очки </h1><br/>Woman<br/>ОО10029<br/>";""
"photo-13279251_359017033";"http://cs540103.vk.me/c540101/v540101826/4a118/ri1NrfAyUBs.jpg";"Очки <br/>Цена: 340 грн.<br/>Размеры: ширина 15,2 см., высота 5,4 см.<br/>Woman<br/>ОО10029<br/>Ярко-розовый";"Очки ";340;;" ширина 15,2 см., высота 5,4 см.";"Ярко-розовый";"<h1>Очки </h1><br/>Woman<br/>ОО10029<br/>";""
"photo-13279251_359017034";"http://cs540103.vk.me/c540101/v540101826/4a11f/3Mn3Rxl5oi8.jpg";"Очки <br/>Цена: 340 грн.<br/>Размеры: ширина 15,2 см., высота 5,4 см.<br/>Woman<br/>ОО10029<br/>Ярко-розовый";"Очки ";340;;" ширина 15,2 см., высота 5,4 см.";"Ярко-розовый";"<h1>Очки </h1><br/>Woman<br/>ОО10029<br/>";""
"photo-13279251_359017035";"http://cs540103.vk.me/c540101/v540101826/4a126/oIfIuW6aStg.jpg";"Очки <br/>Цена: 340 грн.<br/>Размеры: ширина 15,2 см., высота 5,4 см.<br/>Woman<br/>ОО10029<br/>Желтый";"Очки ";340;;" ширина 15,2 см., высота 5,4 см.";"Желтый";"<h1>Очки </h1><br/>Woman<br/>ОО10029<br/>";""
"photo-13279251_359017036";"http://cs540103.vk.me/c540101/v540101826/4a12d/93FcPdtF5GY.jpg";"Очки <br/>Цена: 340 грн.<br/>Размеры: ширина 15,2 см., высота 5,4 см.<br/>Woman<br/>ОО10029<br/>Желтый";"Очки ";340;;" ширина 15,2 см., высота 5,4 см.";"Желтый";"<h1>Очки </h1><br/>Woman<br/>ОО10029<br/>";""
"photo-13279251_359446876";"http://cs540103.vk.me/c540101/v540101826/4b374/cpjtJWdgaA4.jpg";"Очки <br/>Цена: 380 грн.<br/>Woman<br/>ОО10030";"Очки ";380;;;"ОО10030";"<h1>Очки </h1><br/>Woman<br/>";""
"photo-13279251_359446880";"http://cs540103.vk.me/c540101/v540101826/4b37d/McBNjQzplXw.jpg";"Очки <br/>Цена: 380 грн.<br/>Woman<br/>ОО10030";"Очки ";380;;;"ОО10030";"<h1>Очки </h1><br/>Woman<br/>";""
"photo-13279251_359446884";"http://cs540103.vk.me/c540101/v540101826/4b386/DukGMmdSbJw.jpg";"Очки <br/>Цена: 380 грн.<br/>Woman<br/>ОО10030<br/>Коричневый";"Очки ";380;;;"Коричневый";"<h1>Очки </h1><br/>Woman<br/>ОО10030<br/>";""
"photo-13279251_359446890";"http://cs540103.vk.me/c540101/v540101826/4b38f/Mzwqz0MTzJo.jpg";"Очки <br/>Цена: 380 грн.<br/>Woman<br/>ОО10030<br/>Черный матовый";"Очки ";380;;;"Черный матовый";"<h1>Очки </h1><br/>Woman<br/>ОО10030<br/>";""
"photo-13279251_359446894";"http://cs540103.vk.me/c540101/v540101826/4b398/F-kwXPHSxms.jpg";"Очки <br/>Цена: 380 грн.<br/>Woman<br/>ОО10030<br/>Серебряный";"Очки ";380;;;"Серебряный";"<h1>Очки </h1><br/>Woman<br/>ОО10030<br/>";""
"photo-13279251_359446898";"http://cs540103.vk.me/c540101/v540101826/4b3a1/lo8FuN01y2w.jpg";"Очки <br/>Цена: 380 грн.<br/>Woman<br/>ОО10030<br/>Черный";"Очки ";380;;;"Черный";"<h1>Очки </h1><br/>Woman<br/>ОО10030<br/>";""
"photo-13279251_359446902";"http://cs540103.vk.me/c540101/v540101826/4b3aa/JozilIWnn_k.jpg";"Очки <br/>Цена: 380 грн.<br/>Woman<br/>ОО10030<br/>Леопардовый";"Очки ";380;;;"Леопардовый";"<h1>Очки </h1><br/>Woman<br/>ОО10030<br/>";""
"photo-13279251_359446910";"http://cs540103.vk.me/c540101/v540101826/4b3b3/0Ve9iBJMN04.jpg";"Очки <br/>Цена: 380 грн.<br/>Woman<br/>ОО10030<br/>Светло-коричневый";"Очки ";380;;;"Светло-коричневый";"<h1>Очки </h1><br/>Woman<br/>ОО10030<br/>";""
"photo-13279251_359446941";"http://cs540103.vk.me/c540101/v540101826/4b3bc/FN0W_CD1PfE.jpg";"Очки <br/>Цена: 385 грн.<br/>Размеры: ширина 13,6 см., высота 4,8 см.<br/>Woman<br/>ОО10031";"Очки ";385;;" ширина 13,6 см., высота 4,8 см.";"ОО10031";"<h1>Очки </h1><br/>Woman<br/>";""
"photo-13279251_359446946";"http://cs540103.vk.me/c540101/v540101826/4b3c4/pwLFXjJDBSY.jpg";"Очки <br/>Цена: 385 грн.<br/>Размеры: ширина 13,6 см., высота 4,8 см.<br/>Woman<br/>ОО10031<br/>Леопардовый";"Очки ";385;;" ширина 13,6 см., высота 4,8 см.";"Леопардовый";"<h1>Очки </h1><br/>Woman<br/>ОО10031<br/>";""
"photo-13279251_359446949";"http://cs540103.vk.me/c540101/v540101826/4b3cc/caxqMD8T5aU.jpg";"Очки <br/>Цена: 385 грн.<br/>Размеры: ширина 13,6 см., высота 4,8 см.<br/>Woman<br/>ОО10031<br/>Темно-коричневый";"Очки ";385;;" ширина 13,6 см., высота 4,8 см.";"Темно-коричневый";"<h1>Очки </h1><br/>Woman<br/>ОО10031<br/>";""
"photo-13279251_359446955";"http://cs540103.vk.me/c540101/v540101826/4b3d4/F8uMLrDNlfA.jpg";"Очки <br/>Цена: 385 грн.<br/>Размеры: ширина 13,6 см., высота 4,8 см.<br/>Woman<br/>ОО10031<br/>Коричневый";"Очки ";385;;" ширина 13,6 см., высота 4,8 см.";"Коричневый";"<h1>Очки </h1><br/>Woman<br/>ОО10031<br/>";""
"photo-13279251_359446961";"http://cs540103.vk.me/c540101/v540101826/4b3dc/xNT5nV2B9Oo.jpg";"Очки <br/>Цена: 385 грн.<br/>Размеры: ширина 13,6 см., высота 4,8 см.<br/>Woman<br/>ОО10031<br/>Леопардовый";"Очки ";385;;" ширина 13,6 см., высота 4,8 см.";"Леопардовый";"<h1>Очки </h1><br/>Woman<br/>ОО10031<br/>";""
